1	0	200	12571	http://www.google.de/?gfe_rd=cr&ei=Nl2_VeXvJqGK8Qfa-6vwDw	PREF=ID=1111111111111111:FF=0:TM=1438604598:LM=1438604598:V=1:S=zUX5bfeHlWxUoMPA;NID=70=GGesKoBPjKkKh1GbzsRz5FWJjsKrlheuuW6WHfUhFvRMBcbc-_Gxm8JKv9TIXV0t-yztfu_SltFa0qYT1UDv7obBtsFWASz96ToSIx7eI__NE3RiQFLVp9-F2doxyZPS	A	-	-	-	1	0	0	0	14:23:18.597998	14:23:18.635456
1	1	200	151	http://www.google.de/intl/de/policies/terms/	-	A	-	-	-	1	0	0	0	14:23:18.705070	14:23:18.762987
1	1	200	10957	http://www.google.de/services/	-	A	-	-	-	1	0	12	0	14:23:18.783279	14:23:18.827549
1	1	200	8368	http://www.google.de/intl/de/ads/	-	A	-	-	-	1	0	11	0	14:23:18.832213	14:23:18.854113
1	1	200	58775	http://www.google.de/intl/de/policies/privacy/	-	A	-	-	-	1	0	6	0	14:23:18.874575	14:23:18.913548
1	1	200	12043	http://www.google.de/imghp?hl=de&tab=wi	PREF=ID=1111111111111111:FF=0:TM=1438604599:LM=1438604599:V=1:S=Evln6LGreZboVUsz;NID=70=Cal5bqj-2V_NJBggPk8HtMdU-9PVegag1QYbhRcZcpoyvesyyK31MzQ1M7p7p3HjU7oT7a0dcjbI1XbcqnwB05N8NqesDYUKjp92_r93vkkRQxnw7kPE3gGzT0E4Vohb	A	-	-	-	1	0	0	0	14:23:19.010790	14:23:19.182231
1	1	200	35678	http://www.google.de/preferences?hl=de	NID=70=ONQfBz8NBbF7hgO5Ju0Fs3GMYN9H5v3hLvhc1eIl7CL-y6SlUwzKp5vBszwV1wWw0sIQa1NTFeZHYJMk65FXzbuFL1LNaTAhASiB0LyAxTE0Q0NkL5b7UEgqCww-hfn0	A	-	-	-	1	0	3	0	14:23:19.201334	14:23:19.375323
1	1	200	12502	http://www.google.de/	NID=70=nlIxUQeFE9iLLiq7T0flbwfH--oM0iofLCYpNbnrj7W3SKX7FxzqCnqXGt785BK6i1I1WbP737RZ69VhP6UYww0YnjLQwW8UcqKT-PYpoi_m04jRt-A1PQGjxSQRrmhb	A	-	-	-	1	0	0	0	14:23:19.381730	14:23:19.505968
1	1	200	26081	http://www.google.de/intl/de/about/products/	-	A	-	-	-	1	0	46	0	14:23:19.535111	14:23:19.662171
1	1	200	168297	http://www.google.de/advanced_search?authuser=0&hl=de	PREF=ID=1111111111111111:FF=0:TM=1438604598:LM=1438604599:V=1:S=1pipn2kPfa3lZdKQ;NID=70=BvU0KJo02u0TTf0F2VWD6M8JAsQBECPJeuwKmpvNGXz3-JtMFbgUUrPXWCAwlXlHBNiRfbeEBXJvq_6Kr32ft2KEtlWggUlRv7Pc_lDoBilontfccppUqAPt3uYP0e2p	A	-	-	-	1	0	0	0	14:23:19.673704	14:23:19.874061
1	1	200	16044	http://www.google.de/intl/de/about/	-	A	-	-	-	1	1	6	1	14:23:19.888004	14:23:20.052474
1	1	200	35104	http://www.google.de/preferences?hl=en	NID=70=ePMQwZRdOi5xONZI_e6Avt-WJJLi8MbJnWrPzfc9lcdIXlOmqy-94iyiInxVKJ54SW5QxViCNl5uRQ9mCIzLay6y-GBcIrD56EMcc0F7p4Op8ode7T1jhhiB2pzgoL_J	A	-	-	-	1	0	3	0	14:23:20.068518	14:23:20.201356
1	1	200	1195	https://drive.google.com/?tab=wo	-	A	browserchannel-docs.l.google.com.	74.125.136.189	15169	1	0	0	0	14:23:20.237853	14:23:20.453831
1	1	200	156622	https://www.youtube.com/watch?utm_campaign=Translate&utm_medium=HPPMobileDE&v=06olHmcJjS0	PREF=f1=50000000;VISITOR_INFO1_LIVE=TrIqEvdhsl0;YSC=2g5kKkHxDyY	A	youtube-ui.l.google.com.	173.194.113.135	15169	1	35	16	5	14:23:20.469890	14:23:20.768198
1	1	200	171946	http://www.google.de/history/optout?hl=de	PREF=ID=1111111111111111:TM=1438604599:LM=1438604599:V=1:S=Hhx_PB0xedX9Xgeu;NID=70=ruDv2ktRmwkUeZzXViVWXlPAWwTeY0QJan3Eo0suWJTcwjIOOCEHp0o2RngmaBTaxb-44cghvONHb9Y_GbnC3VrIEsYHVdDsb28cmmtkVmSBAvxpD2DcP2JoL1pRVM3H	A	-	-	-	1	1	2	1	14:23:20.847260	14:23:20.898364
1	1	200	64850	https://accounts.google.com/ServiceLogin?continue=http%3A%2F%2Fwww.google.de%2F%3Fgfe_rd%3Dcr%26ei%3DNl2_VeXvJqGK8Qfa-6vwDw&hl=de	GoogleAccountsLocale_session=de;GAPS=1:n668dHXemTtm3wVQ4EK11wkQxh3Z9w:3qv5mVKxa3utcFID;GALX=1cPkWHv3Wok	A	-	-	-	1	1	0	1	14:23:20.909646	14:23:20.981995
1	1	200	218099	https://play.google.com/store?hl=de&tab=w8	PLAY_PREFS=ChYIABISCgJERRDyypCc7yko8sqQnO8p:S:ANO1ljJhoM-dGk8Clg;NID=70=B9S59Vbkv9RaqHlgJaqB3ipSQTsgbySKjZiI5tNa_gGsMo2yQ92aICJHHs8Bq-vkEagx8s2Xi63X2ioOVQqDQR4-bT3jZefcypJbTTJB1r4v0bjsNfW6rCvEaly1mPGI	A	-	-	-	1	101	6	4	14:23:21.270793	14:23:21.340672
1	1	200	514184	http://news.google.de/nwshp?hl=de&tab=wn	NID=70=G450rfvFu2NgeVSXQOJYOHFqbYFwBC5SpAikrQ6ShJvcrlqhJHCyePUnfs137LtMSc019-qPcpR94u9OKzU2I3ljkuGn0MAcTFI8nTbGvkDyCj2GwubtS3T6SrUA-Q8_	A	news-cctld.l.google.com.	173.194.113.159;173.194.113.151;173.194.113.143;173.194.113.152	15169	1	9	11	3	14:23:21.566889	14:23:21.806710
1	1	200	3810	https://www.google.de/maps/@?hl=de&dg=dbrw&newdg=1	-	A	-	-	-	1	2	1	1	14:23:21.896465	14:23:21.976138
1	1	200	360605	https://www.youtube.com/?gl=DE&tab=w1	YSC=xeIKMljrSs0;s_gl=1c7eef1e2f3f866318cc434af62424b9cwIAAABERQ==;VISITOR_INFO1_LIVE=vR17Eo9_hSk	A	youtube-ui.l.google.com.	173.194.113.135	15169	1	58	50	5	14:23:22.321833	14:23:22.662967
1	1	200	24369	https://translate.google.com/	-	A	translate.google.com.;www3.l.google.com.	173.194.113.128;173.194.113.131;173.194.113.135;173.194.113.134;173.194.113.129;173.194.113.133;173.194.113.136;173.194.113.132;173.194.113.142;173.194.113.130;173.194.113.137	15169	1	1	3	1	14:23:22.825247	14:23:22.989708
1	1	200	73297	https://accounts.google.com/ServiceLogin?service=mail&passive=true&rm=false&continue=https://mail.google.com/mail/?tab%3Dwm&scc=1&ltmpl=googlemail&emr=1&osid=1	GAPS=1:cqyal6FX1UmunBG73wjUX6Dqw3UvAg:yAGzdDpL6hue8hK4;GALX=HIHwi875a8I	A	-	-	-	1	1	0	1	14:23:23.297590	14:23:23.299608
1	1	200	432931	https://plus.google.com/+GoogleDeutschland	NID=70=Q6byBJtXDXt1qcmbHmmKyf_oS1DOVeutx5jqvp3XfJ-a2uCsYOKCBkKzz9QJsO84HVthQhgZ2o4PRwmBU8MDWinG1tCe1NwOnCs1RUfdSWNPeGHGsIe6ofyHekEV75eA	A	plus.l.google.com.	173.194.113.132;173.194.113.134;173.194.113.129;173.194.113.131;173.194.113.133;173.194.113.128;173.194.113.130;173.194.113.135;173.194.113.136;173.194.113.142;173.194.113.137	15169	1	86	25	3	14:23:23.319544	14:23:23.452874
3	0	200	360851	https://www.youtube.com/	YSC=e465F3qjTw0;VISITOR_INFO1_LIVE=5oc2OmaYenw	A	youtube-ui.l.google.com.	173.194.113.135	15169	1	58	50	10	14:23:21.013894	14:23:21.106460
3	1	200	54628	https://accounts.google.com/ServiceLogin?continue=https%3A%2F%2Fwww.youtube.com%2Fsignin%3Fhl%3Den%26next%3D%252F%26feature%3Dplaylist%26app%3Ddesktop%26action_handle_signin%3Dtrue&hl=en&passive=true&service=youtube&uilel=3	GoogleAccountsLocale_session=en;GAPS=1:fJMiVTCC9x02pfxDYnxRHNX98DmaoA:En3aGnScAUd73kn_;GALX=jMtmcyOeqUo	A	-	-	-	1	0	1	0	14:23:21.987153	14:23:21.990300
3	1	200	27547	https://www.youtube.com/testtube	YSC=q4tJnMhEz_A;VISITOR_INFO1_LIVE=s7GymJA9dxQ	A	youtube-ui.l.google.com.	173.194.113.135	15169	1	3	15	2	14:23:21.993261	14:23:22.117289
3	1	200	21413	https://www.youtube.com/yt/policyandsafety/	-	A	youtube-ui.l.google.com.	173.194.113.135	15169	1	0	10	0	14:23:22.134250	14:23:22.187086
3	1	200	18896	https://www.youtube.com/yt/press/	-	A	youtube-ui.l.google.com.	173.194.113.135	15169	1	0	8	0	14:23:22.998776	14:23:23.044523
3	1	200	19729	https://www.youtube.com/yt/about/	-	A	youtube-ui.l.google.com.	173.194.113.135	15169	1	0	13	0	14:23:23.055894	14:23:23.102049
3	1	200	58505	https://www.youtube.com/feed/history	YSC=T5m0JOJCWz8;VISITOR_INFO1_LIVE=NFL8a04Aru8	A	youtube-ui.l.google.com.	173.194.113.135	15169	1	10	11	3	14:23:23.213448	14:23:23.264516
3	1	200	51720	https://www.youtube.com/t/terms	VISITOR_INFO1_LIVE=HirjJ8irT2Q;YSC=ezmv-kJ3T4Y	A	youtube-ui.l.google.com.	173.194.113.135	15169	1	3	10	2	14:23:24.743705	14:23:24.848136
3	1	200	36978	https://www.youtube.com/yt/advertise/	-	A	youtube-ui.l.google.com.	173.194.113.135	15169	1	0	33	0	14:23:24.863323	14:23:24.992190
3	1	200	19180	https://www.youtube.com/yt/dev/	-	A	youtube-ui.l.google.com.	173.194.113.135	15169	1	0	14	0	14:23:25.000503	14:23:25.168571
3	1	404	1431	https://plus.google.com/+youtube	NID=70=PHcwucJBUUpb0EWDqhjHYulAl0BVzVZ6664kFpyUslk63MB6QjPLTgo_gAhk6VqBeiuWpgkogt7BCGKoe4FiNXgmqnF11nwgSayEl6JGaUPsAvzyvS4stp0M5JgD0FwL	A	plus.l.google.com.	173.194.113.136;173.194.113.142;173.194.113.137;173.194.113.132;173.194.113.134;173.194.113.129;173.194.113.131;173.194.113.133;173.194.113.128;173.194.113.130;173.194.113.135	15169	1	0	0	0	14:23:25.175823	14:23:25.382749
3	1	200	34091	https://www.youtube.com/yt/creators/	-	A	youtube-ui.l.google.com.	173.194.113.135	15169	1	0	6	0	14:23:25.388144	14:23:25.441851
3	1	200	25343	https://www.youtube.com/yt/copyright/	-	A	youtube-ui.l.google.com.	173.194.113.135	15169	1	0	20	0	14:23:25.453172	14:23:25.501953
3	1	200	13892	https://yt3.ggpht.com/-aRIVslGZzl8/AAAAAAAAAAI/AAAAAAAAAAA/kmdnwKZN96I/s88-c-k-no/photo.jpg	-	I	-	-	-	1	0	0	0	14:23:25.515473	14:23:25.555996
3	1	200	6835	https://yt3.ggpht.com/-KnCTDIUAdpM/AAAAAAAAAAI/AAAAAAAAAAA/lYsyQ1TIQnE/s88-c-k-no/photo.jpg	-	I	-	-	-	1	0	0	0	14:23:25.590091	14:23:25.592246
3	1	200	43	https://s.ytimg.com/yts/img/pixel-vfl3z5WfW.gif	-	I	-	-	-	1	0	0	0	14:23:25.593112	14:23:25.631794
3	1	200	27620	https://support.google.com/youtube/?hl=en	NID=70=Qk_FFus20wtDCPWZ0AOlUtQxQjy3BZho7y6H_ug-feUvsq1mQ-qCjMfHkKMLSgvMvySV-HlZnc-bDYqcp1EYDPUzoBfZ6Xams_45LmXSSdX2rI_VwOLleHyZrwTN8e8a;NID=70=LUQ9n4XuAVozVxoAy_2cPk7qcO8nYOSY_4ci-9fBVY2XY0w-or6zr65o7vf7Kg6Zc9EKzy4pe92nACo-NOgSAWmIE8TaxfOVhs_55_p94KdKwjJuMbYZ7wfxBk6R78B7;PREF=ID=1111111111111111:TM=1438604603:LM=1438604603:V=1:S=qucTzFdBk5w44XPU	A	-	-	-	1	1	6	1	14:23:25.792562	14:23:25.829527
3	1	200	15170	https://yt3.ggpht.com/-grf9lrD03u4/AAAAAAAAAAI/AAAAAAAAAAA/nUMotu3xp38/s88-c-k-no/photo.jpg	-	I	-	-	-	1	0	0	0	14:23:25.841449	14:23:25.843278
3	1	200	5484	https://yt3.ggpht.com/-V0unSlauTpk/AAAAAAAAAAI/AAAAAAAAAAA/SjDE3NcQzKM/s88-c-k-no/photo.jpg	-	I	-	-	-	1	0	0	0	14:23:25.844065	14:23:25.846148
3	1	200	5873	https://yt3.ggpht.com/-Ft5Y-E4bYvQ/AAAAAAAAAAI/AAAAAAAAAAA/RA3whlj26DE/s88-c-k-no/photo.jpg	-	I	-	-	-	1	0	0	0	14:23:25.846981	14:23:25.849243
3	1	200	67891	https://accounts.google.com/ServiceLogin?continue=https%3A%2F%2Fwww.youtube.com%2Fsignin%3Fhl%3Den%26next%3D%252F%26feature%3Dsign_in_promo%26app%3Ddesktop%26action_handle_signin%3Dtrue&hl=en&passive=true&service=youtube&uilel=3	GAPS=1:NguSNCxCnz7m6u4lKHUBZBcfvjSDaQ:FYXQowyngcEtKTQH;GALX=CB_hO_9XECg	A	-	-	-	1	1	0	1	14:23:25.851170	14:23:25.853278
3	1	200	159959	https://www.youtube.com/watch?v=KJfX16VPXDc	VISITOR_INFO1_LIVE=RqF6tYR57_I;YSC=Vavqm7jwGoQ	A	youtube-ui.l.google.com.	173.194.113.135	15169	1	35	16	5	14:23:26.049870	14:23:26.111194
3	1	200	129935	https://www.youtube.com/channel/UC0M4Ze6hxg20b8zeBB6GdjQ	YSC=70Ya31Z-4wo;VISITOR_INFO1_LIVE=ItovnwS8zsw	A	youtube-ui.l.google.com.	173.194.113.135	15169	1	42	14	6	14:23:26.196086	14:23:26.420254
3	1	200	111112	https://s.ytimg.com/yts/img/favicon-vflz7uhzw.ico	-	L	-	-	-	1	0	0	0	14:23:26.510577	14:23:26.512585
3	1	200	51169	https://www.google.com/intl/en/policies/privacy/	-	A	-	-	-	1	0	6	0	14:23:26.513429	14:23:26.657589
3	1	200	25037	https://support.google.com/youtube/answer/87604?hl=en&rd=1	NID=70=f6OFUwAzdYARgq-eyguAcv3n-78MQ32l8N3AR-m_St5Ggq4g127GmHSHQ9yMOByQ9bn79GMBKxuhEAyYvtKQYmLrvVWvoqkH5YN8CjKVgXo5EBVb4WVC6ybbfGSu9HDX;NID=70=PvW4H8ZwJ2-gbB4w-gkc3TTqtXcEetMPiJMrylESEdJCTGIChz2a9f4EmNsDh_kaKdAr60OHQ4h06NfnPp9sSlJadqTormeJ4QNA4pSvQuVZMLnMDx1RmYFRjJzXeuWl;PREF=ID=1111111111111111:TM=1438604606:LM=1438604606:V=1:S=FPAJSkmNogJDRHxD	A	-	-	-	1	1	7	1	14:23:27.804570	14:23:27.888035
3	1	200	138887	https://www.youtube.com/watch?v=JozAmXo2bDE	VISITOR_INFO1_LIVE=ugPA_lBf83E;YSC=YUJh3TcD120	A	youtube-ui.l.google.com.	173.194.113.135	15169	1	35	14	5	14:23:29.278712	14:23:29.324822
3	1	200	156109	https://www.youtube.com/watch?v=OZTOs7Qq6pQ	VISITOR_INFO1_LIVE=IOysxc0Gsw0;YSC=qM8JDdIorR4	A	youtube-ui.l.google.com.	173.194.113.135	15169	1	35	16	5	14:23:29.396033	14:23:29.442419
3	1	200	142799	https://www.youtube.com/watch?v=0RPnYdqcoTs	VISITOR_INFO1_LIVE=P14fnezfff0;YSC=_vXFq7d8vG0	A	youtube-ui.l.google.com.	173.194.113.135	15169	1	20	15	5	14:23:29.515050	14:23:29.561573
3	1	200	151578	https://www.youtube.com/watch?v=p2ErvIXZ7Mk	VISITOR_INFO1_LIVE=PYiTikXKh7o;YSC=J8q3kSfAvgU	A	youtube-ui.l.google.com.	173.194.113.135	15169	1	30	16	5	14:23:29.689370	14:23:29.882516
3	1	200	424960	https://www.youtube.com/user/inscope21	VISITOR_INFO1_LIVE=9J_15gfTp7E;YSC=fbdJqyQs6aY	A	youtube-ui.l.google.com.	173.194.113.135	15169	1	95	18	6	14:23:30.877289	14:23:30.928291
3	1	200	378817	https://plus.google.com/115229808208707341778	NID=70=YgKYvIyYxj0TvbvTTqYWZEGgkollaMoIZ-tKgakIm5QRugmBMCvkEy5t9LLDR8BjclCIkWiG0jipZkHmkfZ_LdgyMVNNndJZscE1Ex6ylHnICBCpUjJfMB9FQ7EibCjI	L	plus.l.google.com.	173.194.113.128;173.194.113.130;173.194.113.135;173.194.113.136;173.194.113.142;173.194.113.137;173.194.113.132;173.194.113.134;173.194.113.129;173.194.113.131;173.194.113.133	15169	1	74	56	3	14:23:31.133899	14:23:31.256502
3	1	200	415113	https://www.youtube.com/user/bestpietsmiet	VISITOR_INFO1_LIVE=PgaPMzndeaM;YSC=Q8DpmcheKKo	A	youtube-ui.l.google.com.	173.194.113.135	15169	1	93	19	6	14:23:31.454072	14:23:31.510086
3	1	200	135128	https://www.youtube.com/watch?v=31YqbNmZVJs	VISITOR_INFO1_LIVE=t8vobKA4LKY;YSC=o_E7XLLXxsc	A	youtube-ui.l.google.com.	173.194.113.135	15169	1	23	16	5	14:23:31.711277	14:23:31.773452
3	1	200	500459	https://www.youtube.com/user/LifeWithMelina	YSC=rwEYI5taxpM;VISITOR_INFO1_LIVE=b4SgChePT9o	A	youtube-ui.l.google.com.	173.194.113.135	15169	1	114	20	6	14:23:31.876745	14:23:32.048415
3	1	200	169373	https://www.youtube.com/watch?v=S_Ujx3Nx89Y	VISITOR_INFO1_LIVE=HJXzGBY48WQ;YSC=QzP56cETMhc	A	youtube-ui.l.google.com.	173.194.113.135	15169	1	35	16	5	14:23:34.081363	14:23:34.128560
3	1	200	511714	https://www.youtube.com/user/MissesVlog	VISITOR_INFO1_LIVE=4gs-0eC_d5Q;YSC=8RL-5nzvYfA	A	youtube-ui.l.google.com.	173.194.113.135	15169	1	116	17	7	14:23:34.273369	14:23:34.532662
3	1	200	162614	https://www.youtube.com/watch?v=xCXJgG0kN8M	VISITOR_INFO1_LIVE=pwpE_lamryA;YSC=6MwkNXOsYAI	A	youtube-ui.l.google.com.	173.194.113.135	15169	1	35	16	5	14:23:40.899560	14:23:40.953207
3	1	200	255442	https://www.youtube.com/user/ThKurono	YSC=YhblTQP6ZX0;VISITOR_INFO1_LIVE=MNqI1On70PY	A	youtube-ui.l.google.com.	173.194.113.135	15169	1	62	17	6	14:23:41.230539	14:23:41.276556
3	1	200	136118	https://www.youtube.com/watch?v=4aOA6FQTzgM	VISITOR_INFO1_LIVE=YIa1Xf-pPNc;YSC=U4IyqscbYAU	A	youtube-ui.l.google.com.	173.194.113.135	15169	1	22	15	5	14:23:41.407389	14:23:41.454903
3	1	200	238564	https://www.youtube.com/user/iBlali	YSC=DHxxHWzIP-k;VISITOR_INFO1_LIVE=0ip8G45a3zM	A	youtube-ui.l.google.com.	173.194.113.135	15169	1	58	19	6	14:23:43.002836	14:23:43.152237
3	1	200	161230	https://www.youtube.com/watch?v=8p5rMnUqBwc	VISITOR_INFO1_LIVE=b08cXlP2sBQ;YSC=jgh5CECzs_8	A	youtube-ui.l.google.com.	173.194.113.135	15169	1	35	16	5	14:23:43.283988	14:23:43.377063
3	1	200	587194	https://www.youtube.com/user/BullshitTehVau	VISITOR_INFO1_LIVE=UPMKmV5aGIk;YSC=JbCJmQGuIJA	A	youtube-ui.l.google.com.	173.194.113.135	15169	1	133	17	6	14:23:43.491500	14:23:43.722817
3	1	200	456033	https://www.youtube.com/user/VeniCraft	VISITOR_INFO1_LIVE=4FvpdY270Fk;YSC=Uyf8HEer4zI	A	youtube-ui.l.google.com.	173.194.113.135	15169	1	100	18	6	14:23:44.384925	14:23:44.433912
3	1	200	360905	https://www.youtube.com/?app=desktop	YSC=X_bOhsVOkoI;VISITOR_INFO1_LIVE=Vp8XG0ahfjQ	L	youtube-ui.l.google.com.	173.194.113.135	15169	1	58	50	5	14:23:44.654116	14:23:44.733968
3	1	200	160855	https://www.youtube.com/watch?v=7s12E3aUrkU	YSC=kpetax30iWA;VISITOR_INFO1_LIVE=9b-ukSySRRw	A	youtube-ui.l.google.com.	173.194.113.135	15169	1	35	16	5	14:23:44.873962	14:23:44.919239
3	1	200	537495	https://www.youtube.com/user/BibisBeautyPalace	VISITOR_INFO1_LIVE=VsXPcBFxPuc;YSC=-3IFJy-Vqgs	A	youtube-ui.l.google.com.	173.194.113.135	15169	1	118	18	6	14:23:45.049096	14:23:45.097598
3	1	200	158851	https://www.youtube.com/watch?v=a4m5Er0P6w4	VISITOR_INFO1_LIVE=p59m_uAqmV4;YSC=q2eVGmZTYNQ	A	youtube-ui.l.google.com.	173.194.113.135	15169	1	35	15	5	14:23:45.352163	14:23:45.444870
3	1	200	159047	https://www.youtube.com/watch?v=evoTgvtxiuk	VISITOR_INFO1_LIVE=aKWPGUKuArI;YSC=hehFwOiAeRI	A	youtube-ui.l.google.com.	173.194.113.135	15169	1	35	15	5	14:23:45.524933	14:23:45.578380
3	1	200	154200	https://www.youtube.com/watch?v=mAeMFQ5xUvM	VISITOR_INFO1_LIVE=N8225XeREg4;YSC=WVp0ud2wn18	A	youtube-ui.l.google.com.	173.194.113.135	15169	1	35	15	5	14:23:45.998561	14:23:46.044952
3	1	200	159789	https://www.youtube.com/watch?v=HNkzBMtBMMI	VISITOR_INFO1_LIVE=BtjxdpoBUIo;YSC=XOPG8UPVsqg	A	youtube-ui.l.google.com.	173.194.113.135	15169	1	35	15	5	14:23:46.136404	14:23:46.474527
3	1	200	154741	https://www.youtube.com/watch?v=4JD8R0MB6JE	VISITOR_INFO1_LIVE=bDBXkHvkbuA;YSC=7ZHISIGbdjc	A	youtube-ui.l.google.com.	173.194.113.135	15169	1	35	15	5	14:23:46.556132	14:23:46.823858
3	1	200	519404	https://www.youtube.com/user/ApeCrimeReloaded	YSC=PGfvTL3doHg;VISITOR_INFO1_LIVE=oRfcB9x7Q0k	A	youtube-ui.l.google.com.	173.194.113.135	15169	1	116	19	6	14:23:46.929257	14:23:46.977403
3	1	200	450505	https://www.youtube.com/playlist?list=PL0sHkSjKd2roowJbtmJJdBoCLq4eE6KMP	VISITOR_INFO1_LIVE=H9ZZ3_GuHh0;YSC=45jzbK_K1sQ	A	youtube-ui.l.google.com.	173.194.113.135	15169	1	111	16	3	14:23:47.222282	14:23:47.296618
3	1	200	158494	https://www.youtube.com/watch?v=Z__uY3hksjQ	YSC=1RWnZNEfMnc;VISITOR_INFO1_LIVE=I-wO9Y4MnLs	A	youtube-ui.l.google.com.	173.194.113.135	15169	1	35	15	5	14:23:47.582817	14:23:47.725843
3	1	200	154712	https://www.youtube.com/watch?v=P7_HrzV_YGA	VISITOR_INFO1_LIVE=AU398hWcqvI;YSC=-PGWx40Dmq8	A	youtube-ui.l.google.com.	173.194.113.135	15169	1	35	15	5	14:23:48.799436	14:23:48.845758
3	1	200	154097	https://www.youtube.com/watch?v=8tdNUGHflXM	YSC=3t_n3T2jiKg;VISITOR_INFO1_LIVE=Jl7eh7adXg0	A	youtube-ui.l.google.com.	173.194.113.135	15169	1	35	15	5	14:23:48.922251	14:23:49.080225
3	1	200	160420	https://www.youtube.com/watch?v=iUSpjV15uBA	VISITOR_INFO1_LIVE=LEwLhKbQNsk;YSC=uhy2EoGukmg	A	youtube-ui.l.google.com.	173.194.113.135	15169	1	35	15	5	14:23:49.160767	14:23:49.207169
3	1	200	161075	https://www.youtube.com/watch?v=e8cRMnkpO24	VISITOR_INFO1_LIVE=R0-ph8OftGw;YSC=pVDv32S9JZY	A	youtube-ui.l.google.com.	173.194.113.135	15169	1	35	15	5	14:23:49.383841	14:23:49.512785
3	1	200	157183	https://www.youtube.com/watch?v=tBU268CU8ZM	YSC=WJ-eKbTBrVM;VISITOR_INFO1_LIVE=LXB_qTrCdhU	A	youtube-ui.l.google.com.	173.194.113.135	15169	1	35	15	5	14:23:49.615052	14:23:50.013932
3	1	200	163942	https://www.youtube.com/watch?v=SwAU_xCqzHg	VISITOR_INFO1_LIVE=3X21YfJ8cwY;YSC=_pKTwhRAfwo	A	youtube-ui.l.google.com.	173.194.113.135	15169	1	35	16	5	14:23:50.093417	14:23:50.270951
3	1	200	160467	https://www.youtube.com/watch?v=Cu1XhaGPPOo	YSC=kw6FpCU8nvI;VISITOR_INFO1_LIVE=ONPn1YCE0HY	A	youtube-ui.l.google.com.	173.194.113.135	15169	1	35	16	5	14:23:50.386250	14:23:50.526184
3	1	200	157866	https://www.youtube.com/watch?v=31xvq_3KR_c	YSC=xGUJOPN-6bs;VISITOR_INFO1_LIVE=DQAkuZ-d4Mk	A	youtube-ui.l.google.com.	173.194.113.135	15169	1	35	16	5	14:23:50.641975	14:23:50.980135
3	1	200	161072	https://www.youtube.com/watch?v=WlCBAMoTzq0	YSC=X_DFAkR7Sok;VISITOR_INFO1_LIVE=dKdOsumkR3E	A	youtube-ui.l.google.com.	173.194.113.135	15169	1	35	16	5	14:23:51.059026	14:23:51.230074
3	1	200	157606	https://www.youtube.com/watch?v=eFrcb1oHnU8	VISITOR_INFO1_LIVE=EMlzvwpH-4c;YSC=kd8X81Ga1hE	A	youtube-ui.l.google.com.	173.194.113.135	15169	1	35	16	5	14:23:51.663654	14:23:51.907615
3	1	200	160752	https://www.youtube.com/watch?v=7umltpveti4	YSC=Sa1iqZct11k;VISITOR_INFO1_LIVE=yiwVVzbc4hk	A	youtube-ui.l.google.com.	173.194.113.135	15169	1	35	16	5	14:23:51.984489	14:23:52.061655
3	1	200	163203	https://www.youtube.com/watch?v=l2SFgTVLBVA	VISITOR_INFO1_LIVE=Z7iPJ6mYPhY;YSC=pdOb3AtOMD8	A	youtube-ui.l.google.com.	173.194.113.135	15169	1	35	16	5	14:23:52.351122	14:23:52.706878
3	1	200	163970	https://www.youtube.com/watch?v=_W4qItsvy-U	VISITOR_INFO1_LIVE=ZPystvi3D6s;YSC=X-BnIERQ24Y	A	youtube-ui.l.google.com.	173.194.113.135	15169	1	35	16	5	14:23:54.383369	14:23:54.450586
3	1	200	149142	https://www.youtube.com/watch?v=iMGh8VtBetc	VISITOR_INFO1_LIVE=1VOONDFMjJs;YSC=9vULpKyWqVE	A	youtube-ui.l.google.com.	173.194.113.135	15169	1	35	16	5	14:23:54.529615	14:23:54.590358
3	1	200	156748	https://www.youtube.com/watch?v=b6vSf0cA9qY	VISITOR_INFO1_LIVE=MycXtWgXUVM;YSC=Xe2p3cp0NkY	A	youtube-ui.l.google.com.	173.194.113.135	15169	1	35	15	5	14:23:54.721461	14:23:54.779280
3	1	200	155303	https://www.youtube.com/watch?v=X1loYsmS8uk	YSC=FPfefF7JUN8;VISITOR_INFO1_LIVE=qGeNcib5ctM	A	youtube-ui.l.google.com.	173.194.113.135	15169	1	35	15	5	14:23:55.132650	14:23:55.231273
3	1	200	153256	https://www.youtube.com/watch?v=OEeTZAZxOWU	VISITOR_INFO1_LIVE=B7YeSSQwuc8;YSC=Z-2EruETWlk	A	youtube-ui.l.google.com.	173.194.113.135	15169	1	35	15	5	14:23:55.313892	14:23:55.629513
3	1	200	664226	https://www.youtube.com/user/columbiadeutschland	VISITOR_INFO1_LIVE=aORfyQTugfY;YSC=sasiaJJV6Us	A	youtube-ui.l.google.com.	173.194.113.135	15169	1	150	19	6	14:23:56.096572	14:23:56.451527
3	1	200	156615	https://www.youtube.com/watch?v=egtI2xqg75E	VISITOR_INFO1_LIVE=_GOFBWJigdE;YSC=D-FCaRy-oFg	A	youtube-ui.l.google.com.	173.194.113.135	15169	1	35	15	5	14:23:57.956410	14:23:58.003218
3	1	200	160668	https://www.youtube.com/watch?v=tuH2XTJ0HEI	VISITOR_INFO1_LIVE=AsujWaCJfiM;YSC=-IjTqT75uiA	A	youtube-ui.l.google.com.	173.194.113.135	15169	1	35	15	5	14:23:59.418069	14:23:59.566089
3	1	200	159709	https://www.youtube.com/watch?v=aV0ztPuyNLQ	YSC=twYLizyQ_7A;VISITOR_INFO1_LIVE=aIfD34A57RA	A	youtube-ui.l.google.com.	173.194.113.135	15169	1	35	15	5	14:24:01.609614	14:24:01.724412
3	1	200	155907	https://www.youtube.com/watch?v=8sPj0Ic8KQ8	YSC=hpTHeeOY6Gg;VISITOR_INFO1_LIVE=igRrEYdN07c	A	youtube-ui.l.google.com.	173.194.113.135	15169	1	35	16	5	14:24:03.483675	14:24:03.668266
3	1	200	160013	https://www.youtube.com/watch?v=wME_AWTK3oY	VISITOR_INFO1_LIVE=eDH022_QmXo;YSC=yZJyZTrFYg4	A	youtube-ui.l.google.com.	173.194.113.135	15169	1	35	15	5	14:24:03.791693	14:24:03.838522
3	1	200	157794	https://www.youtube.com/watch?v=S0J07N7smd8	VISITOR_INFO1_LIVE=dAHGfffSOyw;YSC=M485PSIvJ8g	A	youtube-ui.l.google.com.	173.194.113.135	15169	1	35	15	5	14:24:03.917752	14:24:03.965219
3	1	200	161011	https://www.youtube.com/watch?v=nAzjWqNfgvc	YSC=HSAnfZzFgoU;VISITOR_INFO1_LIVE=9RMQsru78qM	A	youtube-ui.l.google.com.	173.194.113.135	15169	1	35	15	5	14:24:06.516655	14:24:06.734875
3	1	200	153568	https://www.youtube.com/watch?v=m-Ik3yy728Y	YSC=KNCadS2W1pw;VISITOR_INFO1_LIVE=2GjThbQqmrI	A	youtube-ui.l.google.com.	173.194.113.135	15169	1	35	15	5	14:24:09.367476	14:24:09.498116
3	1	200	153821	https://www.youtube.com/watch?v=98pkJhAlkIQ	VISITOR_INFO1_LIVE=ykZXntGtZlU;YSC=DvNM8domhl8	A	youtube-ui.l.google.com.	173.194.113.135	15169	1	35	15	5	14:24:10.084002	14:24:10.131962
3	1	200	704601	https://www.youtube.com/user/KinoCheck	VISITOR_INFO1_LIVE=g1lSvRYU_lY;YSC=XKTBDNuo7mI	A	youtube-ui.l.google.com.	173.194.113.135	15169	1	151	19	7	14:24:10.470199	14:24:10.561382
3	1	200	153700	https://www.youtube.com/watch?v=w8o5LHxRq5U	VISITOR_INFO1_LIVE=84-6vBTTZ80;YSC=miVeQngCAfQ	A	youtube-ui.l.google.com.	173.194.113.135	15169	1	35	15	5	14:24:11.112776	14:24:11.305157
3	1	200	160982	https://www.youtube.com/watch?v=ak2P7ukW2j0	VISITOR_INFO1_LIVE=GAA2tV9nTH4;YSC=t3dX_T3hNcs	A	youtube-ui.l.google.com.	173.194.113.135	15169	1	35	15	5	14:24:11.384629	14:24:11.507705
3	1	200	106247	https://www.youtube.com/watch?v=YqeW9_5kURI	YSC=G_34kAuZaPM;VISITOR_INFO1_LIVE=sZmT7UBkAgQ	A	youtube-ui.l.google.com.	173.194.113.135	15169	1	35	13	5	14:24:11.996648	14:24:12.044389
3	1	200	565785	https://www.youtube.com/user/kontor	YSC=wvg0e455PmU;VISITOR_INFO1_LIVE=eNkk3p8GJ8Y	A	youtube-ui.l.google.com.	173.194.113.135	15169	1	126	19	7	14:24:14.132688	14:24:14.217855
3	1	200	378117	https://www.youtube.com/user/majorlazer	YSC=No-F26dUscc;VISITOR_INFO1_LIVE=YrTL4kZjI6g	A	youtube-ui.l.google.com.	173.194.113.135	15169	1	94	20	6	14:24:14.496347	14:24:14.541880
3	1	200	151095	https://www.youtube.com/watch?v=iMa1MlWxMe8	YSC=uRWjTYyZKhc;VISITOR_INFO1_LIVE=TusHje5P2o4	A	youtube-ui.l.google.com.	173.194.113.135	15169	1	35	15	5	14:24:14.743964	14:24:14.791424
3	1	200	156330	https://www.youtube.com/watch?v=1gDbpWC_9pE	VISITOR_INFO1_LIVE=NCEQt7Kv6Qw;YSC=YmA0gM3FnKA	A	youtube-ui.l.google.com.	173.194.113.135	15169	1	35	15	5	14:24:15.289582	14:24:15.387352
3	1	200	158268	https://www.youtube.com/watch?v=a4IZxku8N7w	YSC=kFKB7k0jPAo;VISITOR_INFO1_LIVE=6NSgV4k_q_k	A	youtube-ui.l.google.com.	173.194.113.135	15169	1	35	15	5	14:24:15.465690	14:24:15.709219
3	1	200	157732	https://www.youtube.com/watch?v=5j1RCys4R0g	YSC=h8144QUJ66E;VISITOR_INFO1_LIVE=xb_8bydHyzQ	A	youtube-ui.l.google.com.	173.194.113.135	15169	1	35	15	5	14:24:15.788703	14:24:15.836855
3	1	200	160657	https://www.youtube.com/watch?v=zyL4Ws0T6Bc	VISITOR_INFO1_LIVE=MrVogyd-VO8;YSC=oy5783TaCxw	A	youtube-ui.l.google.com.	173.194.113.135	15169	1	35	15	5	14:24:15.921394	14:24:15.988471
3	1	200	159831	https://www.youtube.com/watch?v=ETCZriZuq1c	YSC=q1DI72nrXLw;VISITOR_INFO1_LIVE=ZnssdX2_UAM	A	youtube-ui.l.google.com.	173.194.113.135	15169	1	35	16	5	14:24:17.614103	14:24:17.772807
3	1	200	141262	https://www.youtube.com/watch?v=vRlLQ5D8mPE	VISITOR_INFO1_LIVE=S9sRCUsfAdA;YSC=S4pVQb9GhQ4	A	youtube-ui.l.google.com.	173.194.113.135	15169	1	35	16	5	14:24:17.875985	14:24:17.921540
3	1	200	169216	https://www.youtube.com/watch?v=4kPvWcC-pmk	YSC=pUX4XAR-j6w;VISITOR_INFO1_LIVE=Vb-psyKoKVs	A	youtube-ui.l.google.com.	173.194.113.135	15169	1	35	16	5	14:24:18.046490	14:24:18.092281
3	1	200	154205	https://www.youtube.com/watch?v=-ICI675aJXc	VISITOR_INFO1_LIVE=ZSOcaGdbD98;YSC=q50jBS6ygKY	A	youtube-ui.l.google.com.	173.194.113.135	15169	1	35	15	5	14:24:18.170401	14:24:18.417345
3	1	200	163540	https://www.youtube.com/watch?v=VxrXPnbqEvo	VISITOR_INFO1_LIVE=EKcaor0pzzE;YSC=pWJuBUrODY8	A	youtube-ui.l.google.com.	173.194.113.135	15169	1	35	16	5	14:24:18.500777	14:24:18.569716
3	1	200	163287	https://www.youtube.com/watch?v=RSto9wV5eOo	VISITOR_INFO1_LIVE=vTb2opzcWM0;YSC=TTl0McweDqo	A	youtube-ui.l.google.com.	173.194.113.135	15169	1	35	16	5	14:24:18.652068	14:24:18.699149
3	1	200	518678	https://www.youtube.com/user/warnermusicde	VISITOR_INFO1_LIVE=GAdof-np_iQ;YSC=tVf5zI0knvU	A	youtube-ui.l.google.com.	173.194.113.135	15169	1	115	19	7	14:24:19.037062	14:24:19.102066
3	1	200	152826	https://www.youtube.com/watch?v=bzhE2lxUipI	YSC=ojskltcml04;VISITOR_INFO1_LIVE=n43Bi5YHPb0	A	youtube-ui.l.google.com.	173.194.113.135	15169	1	35	15	5	14:24:20.714569	14:24:20.915949
3	1	200	149264	https://www.youtube.com/watch?v=-BKosONC9sg	YSC=8NkfFmVjP5w;VISITOR_INFO1_LIVE=l8xmANeDHSU	A	youtube-ui.l.google.com.	173.194.113.135	15169	1	35	16	5	14:24:20.999738	14:24:21.062979
3	1	200	147124	https://www.youtube.com/watch?v=N1CMLLIZCmU	YSC=Oo-ud2XwbcQ;VISITOR_INFO1_LIVE=bafEUTthsBM	A	youtube-ui.l.google.com.	173.194.113.135	15169	1	35	15	5	14:24:21.526815	14:24:21.581871
3	1	200	158460	https://www.youtube.com/watch?v=0Kb245BanyI	VISITOR_INFO1_LIVE=2mENkfitiHc;YSC=-c7chuR9ktM	A	youtube-ui.l.google.com.	173.194.113.135	15169	1	35	16	5	14:24:21.665211	14:24:21.864312
3	1	200	101627	https://www.youtube.com/watch?v=9w9dXWU5nMI	VISITOR_INFO1_LIVE=vUxkkzt31go;YSC=-G0BqsycyMQ	A	youtube-ui.l.google.com.	173.194.113.135	15169	1	35	13	5	14:24:21.942848	14:24:21.997278
3	1	200	280021	https://www.youtube.com/user/PrinceRoyceVEVO	YSC=IKat5ZQtpsI;VISITOR_INFO1_LIVE=6XbgzIX0MIU	A	youtube-ui.l.google.com.	173.194.113.135	15169	1	76	19	6	14:24:23.454423	14:24:23.864980
3	1	200	686559	https://www.youtube.com/user/DigsterHitsChannel	YSC=rDTcrFlou2o;VISITOR_INFO1_LIVE=KXPK6cy_mCY	A	youtube-ui.l.google.com.	173.194.113.135	15169	1	152	19	6	14:24:24.703002	14:24:24.757506
3	1	200	159666	https://www.youtube.com/watch?v=AJtDXIazrMo	YSC=x3lsjImcKDw;VISITOR_INFO1_LIVE=BiH0yFDItHQ	A	youtube-ui.l.google.com.	173.194.113.135	15169	1	35	14	5	14:24:25.103081	14:24:25.147458
3	1	200	104099	https://www.youtube.com/watch?v=nntGTK2Fhb0	YSC=bXH23fyJIUE;VISITOR_INFO1_LIVE=fWrw_Yuoy1I	A	youtube-ui.l.google.com.	173.194.113.135	15169	1	35	13	5	14:24:25.226027	14:24:25.273149
3	1	200	102031	https://www.youtube.com/watch?v=uO59tfQ2TbA	VISITOR_INFO1_LIVE=NfLOMU9-QLs;YSC=QCJ6AAeGWoI	A	youtube-ui.l.google.com.	173.194.113.135	15169	1	35	13	5	14:24:27.291595	14:24:27.339995
3	1	200	368804	https://www.youtube.com/user/EllieGouldingVEVO	VISITOR_INFO1_LIVE=rP5PdPIlk9U;YSC=y5LOenznVTU	A	youtube-ui.l.google.com.	173.194.113.135	15169	1	89	20	6	14:24:27.496819	14:24:27.582492
3	1	200	99600	https://www.youtube.com/watch?v=09R8_2nJtjg	VISITOR_INFO1_LIVE=hy-3LPIxXy4;YSC=UGaE0VucLIA	A	youtube-ui.l.google.com.	173.194.113.135	15169	1	35	13	5	14:24:27.784390	14:24:27.928541
3	1	200	156813	https://www.youtube.com/watch?v=e-ORhEE9VVg	YSC=H_-Y39MV6nw;VISITOR_INFO1_LIVE=NkL2IQmNxjM	A	youtube-ui.l.google.com.	173.194.113.135	15169	1	35	14	5	14:24:28.071567	14:24:28.131651
3	1	200	653629	https://www.youtube.com/user/vipmagazin	VISITOR_INFO1_LIVE=W1f6uA64BI0;YSC=1t6T3pAtV-0	A	youtube-ui.l.google.com.	173.194.113.135	15169	1	139	16	6	14:24:29.099011	14:24:29.152570
3	1	200	404433	https://www.youtube.com/user/davidguettavevo	VISITOR_INFO1_LIVE=4RvhrOkf1Z8;YSC=sKeKxgEl3_A	A	youtube-ui.l.google.com.	173.194.113.135	15169	1	98	20	6	14:24:29.462153	14:24:29.509483
3	1	200	385603	https://www.youtube.com/channel/UCtuGozGshjqqErhHGEmHnJw	VISITOR_INFO1_LIVE=hOrcKFnZHwQ;YSC=iev-ZPB_H_Y	A	youtube-ui.l.google.com.	173.194.113.135	15169	1	95	19	6	14:24:29.720473	14:24:29.763535
3	1	200	110186	https://www.youtube.com/user/SilentoVEVO	VISITOR_INFO1_LIVE=yEk5_-vhE2A;YSC=yCL6EgleMqY	A	youtube-ui.l.google.com.	173.194.113.135	15169	1	35	17	6	14:24:30.143045	14:24:30.188408
3	1	200	105894	https://www.youtube.com/watch?v=vjW8wmF5VWc	VISITOR_INFO1_LIVE=CbHtnCRGVPM;YSC=8LJIkOFTnoU	A	youtube-ui.l.google.com.	173.194.113.135	15169	1	35	13	5	14:24:30.961390	14:24:31.041198
3	1	200	102969	https://www.youtube.com/watch?v=7hPMmzKs62w	VISITOR_INFO1_LIVE=wzzwwv5S0Ew;YSC=HCt1NysEhoc	A	youtube-ui.l.google.com.	173.194.113.135	15169	1	35	13	5	14:24:31.177722	14:24:31.597820
3	1	200	250550	https://www.youtube.com/user/MADONNAVEVO	YSC=yxWpjcPMaEM;VISITOR_INFO1_LIVE=dxEKwUQiLkA	A	youtube-ui.l.google.com.	173.194.113.135	15169	1	66	19	6	14:24:31.705781	14:24:32.079530
3	1	200	96256	https://www.youtube.com/watch?v=RgKAFK5djSk	YSC=KFn2VEHb-xM;VISITOR_INFO1_LIVE=PjGs6uTxY1M	A	youtube-ui.l.google.com.	173.194.113.135	15169	1	29	13	5	14:24:32.230630	14:24:32.315936
3	1	200	453001	https://www.youtube.com/user/Maroon5VEVO	VISITOR_INFO1_LIVE=hxRM9b0Ox5w;YSC=er-ddpFk16U	A	youtube-ui.l.google.com.	173.194.113.135	15169	1	113	18	7	14:24:32.418189	14:24:32.493660
3	1	200	159911	https://www.youtube.com/watch?v=QcIy9NiNbmo	YSC=aE0pwMSIyfI;VISITOR_INFO1_LIVE=47MPGi1djI8	A	youtube-ui.l.google.com.	173.194.113.135	15169	1	35	14	5	14:24:32.746557	14:24:32.859969
3	1	200	77859	https://www.youtube.com/channel/UC-9-kyTW8ZkZNDHQJ6FgpwQ	YSC=H1QrxuTKZ2s;VISITOR_INFO1_LIVE=ejlP95dcE7Y	A	youtube-ui.l.google.com.	173.194.113.135	15169	1	16	12	3	14:24:32.938299	14:24:33.023808
3	1	200	164394	https://www.youtube.com/watch?v=a3cRLrJ9BSc	VISITOR_INFO1_LIVE=FnLwDlpiu-Y;YSC=-mDuCFNeUCc	A	youtube-ui.l.google.com.	173.194.113.135	15169	1	35	16	5	14:24:33.112195	14:24:33.529109
3	1	200	335427	https://www.youtube.com/user/TaylorSwiftVEVO	VISITOR_INFO1_LIVE=m9HemCpLOKY;YSC=xv5BVsvyp2U	A	youtube-ui.l.google.com.	173.194.113.135	15169	1	80	19	6	14:24:33.631718	14:24:35.692505
3	1	200	446143	https://www.youtube.com/user/taylorgangent	VISITOR_INFO1_LIVE=-HPZU5RpmPk;YSC=ORQgIDZqGgg	A	youtube-ui.l.google.com.	173.194.113.135	15169	1	110	20	6	14:24:35.888094	14:24:35.974634
3	1	200	174286	https://www.youtube.com/watch?v=PJnZPEtt0HI	VISITOR_INFO1_LIVE=Fw6q4jssuRg;YSC=I1If952nprk	A	youtube-ui.l.google.com.	173.194.113.135	15169	1	35	16	5	14:24:36.253094	14:24:36.360196
3	1	200	162257	https://www.youtube.com/watch?v=WczJI_87BE4	YSC=5dqv0387UWw;VISITOR_INFO1_LIVE=hdwhoBjTvBs	A	youtube-ui.l.google.com.	173.194.113.135	15169	1	35	16	5	14:24:36.445167	14:24:36.494776
3	1	200	158417	https://www.youtube.com/watch?v=KzDrFiqE6VU	VISITOR_INFO1_LIVE=iPKkxkExMn0;YSC=rS227_x7U-k	A	youtube-ui.l.google.com.	173.194.113.135	15169	1	29	15	5	14:24:36.594151	14:24:36.642130
3	1	200	726234	https://www.youtube.com/user/Paluten	YSC=_jhWTB311hY;VISITOR_INFO1_LIVE=zo12gKCtN7M	A	youtube-ui.l.google.com.	173.194.113.135	15169	1	156	18	6	14:24:36.728347	14:24:36.773856
3	1	200	385428	https://www.youtube.com/user/unge	VISITOR_INFO1_LIVE=IJ28JSUUMOQ;YSC=2O0R-D16_ks	A	youtube-ui.l.google.com.	173.194.113.135	15169	1	86	19	6	14:24:37.146958	14:24:37.582732
3	1	200	689455	https://www.youtube.com/user/DnerMC	YSC=gh-y-B2Ay9A;VISITOR_INFO1_LIVE=YTnVIpKveQk	A	youtube-ui.l.google.com.	173.194.113.135	15169	1	148	20	6	14:24:37.839849	14:24:38.255277
3	1	200	615642	https://www.youtube.com/user/Gronkh	YSC=O4vMCJS_EdI;VISITOR_INFO1_LIVE=1NcPSfeelZM	A	youtube-ui.l.google.com.	173.194.113.135	15169	1	137	17	6	14:24:38.578321	14:24:38.996268
3	1	200	248171	https://www.youtube.com/channel/UCYfdidRxbB8Qhf0Nx7ioOYw	VISITOR_INFO1_LIVE=e2kWaU4zrlk;YSC=D_-pm-HE2eY	A	youtube-ui.l.google.com.	173.194.113.135	15169	1	53	20	4	14:24:39.369186	14:24:39.685634
3	1	200	423135	https://www.youtube.com/channels	YSC=mNAk_0VSq98;VISITOR_INFO1_LIVE=S6Wi063m0wI	A	youtube-ui.l.google.com.	173.194.113.135	15169	1	161	86	4	14:24:39.835961	14:24:40.036217
3	1	200	541364	https://www.youtube.com/channel/UCzuqhhs6NWbgTzMuM09WKDQ	VISITOR_INFO1_LIVE=jVl-mCXh0is;YSC=innplvuiJtM	A	youtube-ui.l.google.com.	173.194.113.135	15169	1	116	20	3	14:24:40.445671	14:24:40.691807
3	1	200	54672	https://accounts.google.com/ServiceLogin?passive=true&uilel=3&hl=en&continue=https%3A%2F%2Fwww.youtube.com%2Fsignin%3Fnext%3D%252Fupload%26feature%3Dredirect_login%26action_handle_signin%3Dtrue%26hl%3Den%26app%3Ddesktop&service=youtube	GAPS=1:qW8x7Sb3NRkVEJ7qnro2a7DdU5PZVg:t1pd1eOia2AXx6bF;GALX=Ouc5vwA-h1Q	A	-	-	-	1	0	1	0	14:24:40.990947	14:24:41.031076
3	1	200	484014	https://www.youtube.com/channel/UC4R8DWoMoI7CAwX8_LjQHig	VISITOR_INFO1_LIVE=uxznK3fBiLs;YSC=U3LBC7VA9Uw	A	youtube-ui.l.google.com.	173.194.113.135	15169	1	107	20	3	14:24:41.064624	14:24:41.153270
3	1	200	422386	https://www.youtube.com/channel/UCEgdi0XIXXZ-qJOFPf4JSKw	YSC=bQnTUBa0cUc;VISITOR_INFO1_LIVE=-A0T71wp47w	A	youtube-ui.l.google.com.	173.194.113.135	15169	1	95	20	4	14:24:41.410435	14:24:41.543174
3	1	200	577329	https://www.youtube.com/channel/UCOpNcN46UbXVtpKMrmU4Abg	VISITOR_INFO1_LIVE=VlyiO82ZN30;YSC=549KdXuqFRk	A	youtube-ui.l.google.com.	173.194.113.135	15169	1	128	20	4	14:24:41.797034	14:24:41.844878
3	1	200	562	https://www.youtube.com/opensearch?locale=en_US	VISITOR_INFO1_LIVE=5vUk99jPVnY;YSC=YmPAtDDS1fg	L	youtube-ui.l.google.com.	173.194.113.135	15169	1	0	0	0	14:24:42.144303	14:24:42.191049
3	1	200	448703	https://www.youtube.com/channel/UCK274iXLZhs8MFGLsncOyZQ	YSC=yh3gFbJRjXg;VISITOR_INFO1_LIVE=rZV7LwNxobg	A	youtube-ui.l.google.com.	173.194.113.135	15169	1	94	20	3	14:24:42.250858	14:24:42.298655
3	1	200	360735	https://www.youtube.com/	YSC=FOfygeiITxE;VISITOR_INFO1_LIVE=GwGlJUO1Lw0	L	youtube-ui.l.google.com.	173.194.113.135	15169	1	58	50	10	14:24:42.554966	14:24:42.604896
2	0	200	54383	https://www.facebook.com/?_rdr=p	-	A	star.c10r.facebook.com.	31.13.93.3	32934	1	43	1	4	14:23:25.634453	14:23:25.703488
2	1	404	28522	https://www.facebook.com/allactivity?privacy_source=activity_log_top_menu	-	A	star.c10r.facebook.com.	31.13.93.3	32934	1	9	1	4	14:23:28.544330	14:23:28.821078
2	1	200	52614	https://www.facebook.com/pages/create/?ref_type=sitefooter	-	A	star.c10r.facebook.com.	31.13.93.3	32934	1	9	0	4	14:23:29.953600	14:23:30.051942
2	1	200	50409	https://www.facebook.com/help/?ref=pf	-	A	star.c10r.facebook.com.	31.13.93.3	32934	1	14	0	5	14:23:32.293036	14:23:32.963813
2	1	200	37499	https://www.facebook.com/policies/?ref=pf	-	A	star.c10r.facebook.com.	31.13.93.3	32934	1	59	0	3	14:23:33.003914	14:23:33.406416
2	1	200	79664	https://www.facebook.com/help/cookies/?ref=sitefooter	-	A	star.c10r.facebook.com.	31.13.93.3	32934	1	10	0	3	14:23:33.524718	14:23:33.661169
2	1	200	58969	https://www.facebook.com/privacy/explanation	-	A	star.c10r.facebook.com.	31.13.93.3	32934	1	8	0	2	14:23:33.695174	14:23:33.786571
2	1	200	121454	https://www.facebook.com/careers/?ref=pf	-	A	star.c10r.facebook.com.	31.13.93.3	32934	1	94	0	4	14:23:33.814584	14:23:33.905155
2	1	200	20407	https://fbstatic-a.akamaihd.net/rsrc.php/v2/yn/r/NdKjmyZW-a8.css	-	L	-	-	-	1	0	0	0	14:23:34.773410	14:23:34.976539
2	1	200	1150	https://fbstatic-a.akamaihd.net/rsrc.php/yV/r/hzMapiNYYpW.ico	-	L	-	-	-	1	0	0	0	14:23:34.979475	14:23:34.983614
2	1	200	46001	https://fbstatic-a.akamaihd.net/rsrc.php/v2/y-/r/B4FyUh1pnZL.css	-	L	-	-	-	1	0	0	0	14:23:34.990143	14:23:34.994276
2	1	200	51342	https://www.facebook.com/help/568137493302217	-	A	star.c10r.facebook.com.	31.13.93.3	32934	1	12	0	3	14:23:35.621496	14:23:35.689333
2	1	200	46328	https://www.facebook.com/directory/places/	-	A	star.c10r.facebook.com.	31.13.93.3	32934	1	26	0	3	14:23:35.846839	14:23:35.970917
2	1	200	63214	https://th-th.facebook.com/	-	L	-	-	-	1	41	1	4	14:23:36.029785	14:23:36.169873
2	1	200	52858	https://pt-pt.facebook.com/	-	L	-	-	-	1	41	1	4	14:23:36.256186	14:23:36.292693
2	1	200	62320	https://sr-rs.facebook.com/	-	L	-	-	-	1	41	1	4	14:23:36.377724	14:23:36.430119
2	1	200	522	https://fbstatic-a.akamaihd.net/rsrc.php/v2/yb/r/GsNJNwuI-UM.gif	-	I	-	-	-	1	0	0	0	14:23:36.519544	14:23:36.521590
2	1	200	144185	https://fbstatic-a.akamaihd.net/rsrc.php/v2/yM/r/dBXjfcLDXZG.js	-	S	-	-	-	1	0	0	0	14:23:36.522521	14:23:36.524542
2	1	200	52413	https://sl-si.facebook.com/	-	L	-	-	-	1	41	1	4	14:23:36.525418	14:23:36.560836
2	1	200	54961	https://vi-vn.facebook.com/	-	L	-	-	-	1	41	1	4	14:23:36.640900	14:23:36.684769
2	1	200	52694	https://pt-br.facebook.com/	-	L	-	-	-	1	41	1	4	14:23:36.771402	14:23:36.806295
2	1	200	1490	https://fbcdn-dragon-a.akamaihd.net/hphotos-ak-xaf1/t39.2365-6/851585_216271631855613_2121533625_n.png	-	I	-	-	-	1	0	0	0	14:23:36.887375	14:23:36.919614
2	1	200	3600	https://fbcdn-dragon-a.akamaihd.net/hphotos-ak-xap1/t39.2365-6/851558_160351450817973_1678868765_n.png	-	I	-	-	-	1	0	0	0	14:23:36.920640	14:23:36.922779
2	1	200	59568	https://mk-mk.facebook.com/	-	L	-	-	-	1	41	1	4	14:23:36.924162	14:23:36.960244
2	1	200	741	https://fbcdn-dragon-a.akamaihd.net/hphotos-ak-xap1/t39.2365-6/851565_602269956474188_918638970_n.png	-	I	-	-	-	1	0	0	0	14:23:37.044577	14:23:37.046556
2	1	200	52355	https://ms-my.facebook.com/	-	L	-	-	-	1	41	1	4	14:23:37.047342	14:23:37.083103
2	1	200	53190	https://fr-ca.facebook.com/	-	L	-	-	-	1	41	1	4	14:23:37.164415	14:23:37.197203
2	1	200	52799	https://hr-hr.facebook.com/	-	L	-	-	-	1	41	1	4	14:23:37.282792	14:23:37.317157
2	1	200	52325	https://id-id.facebook.com/	-	L	-	-	-	1	41	1	4	14:23:37.402035	14:23:37.436478
2	1	200	61768	https://hi-in.facebook.com/	-	L	-	-	-	1	41	1	4	14:23:37.511149	14:23:37.545733
2	1	200	186862	https://fbstatic-a.akamaihd.net/rsrc.php/v2/yl/r/UU2dNYSkoOf.css	-	L	-	-	-	1	0	0	0	14:23:37.661654	14:23:37.663933
2	1	200	52738	https://fi-fi.facebook.com/	-	L	-	-	-	1	41	1	4	14:23:37.664932	14:23:37.699547
2	1	200	62174	https://fa-ir.facebook.com/	-	L	-	-	-	1	41	1	4	14:23:37.778453	14:23:37.813658
2	1	200	53357	https://es-es.facebook.com/	-	L	-	-	-	1	41	1	4	14:23:37.898418	14:23:37.933341
2	1	200	63913	https://el-gr.facebook.com/	-	L	-	-	-	1	41	1	4	14:23:38.017826	14:23:38.051969
2	1	200	52777	https://da-dk.facebook.com/	-	L	-	-	-	1	41	1	4	14:23:38.135785	14:23:38.169900
2	1	200	53610	https://ca-es.facebook.com/	-	L	-	-	-	1	41	1	4	14:23:38.253919	14:23:38.289533
2	1	200	52613	https://bs-ba.facebook.com/	-	L	-	-	-	1	41	1	4	14:23:38.371106	14:23:38.406495
2	1	200	6849	https://m.facebook.com/	datr=Rl2_Vd-HZ-KbEr1OLIvmvVSL;reg_ext_ref=deleted;reg_fb_ref=https%3A%2F%2Fm.facebook.com%2F;reg_fb_gate=https%3A%2F%2Fm.facebook.com%2F;m_ts=1438604614	L	-	-	-	1	2	0	2	14:23:38.485308	14:23:38.520812
2	1	200	63552	https://bg-bg.facebook.com/	-	L	-	-	-	1	41	1	4	14:23:38.535670	14:23:38.569825
2	1	200	67048	https://developers.facebook.com/?ref=pf	-	A	-	-	-	1	33	0	4	14:23:38.654421	14:23:38.689483
2	1	200	53154	https://fr-fr.facebook.com/	-	A	-	-	-	1	41	1	4	14:23:38.760527	14:23:38.795488
2	1	200	62389	https://ar-ar.facebook.com/	-	A	-	-	-	1	41	1	4	14:23:38.880651	14:23:38.916044
2	1	200	56384	https://ko-kr.facebook.com/	-	L	-	-	-	1	41	1	4	14:23:38.995159	14:23:39.029665
2	1	200	55839	https://www.facebook.com/games/	-	A	star.c10r.facebook.com.	31.13.93.3	32934	1	10	0	3	14:23:39.134216	14:23:39.200278
2	1	200	80538	https://www.facebook.com/places/	-	A	star.c10r.facebook.com.	31.13.93.3	32934	1	26	0	5	14:23:39.232549	14:23:39.299642
2	1	200	39453	https://www.facebook.com/directory/pages/	-	A	star.c10r.facebook.com.	31.13.93.3	32934	1	26	0	3	14:23:39.377930	14:23:39.444986
2	1	200	43675	https://www.facebook.com/directory/people/	-	A	star.c10r.facebook.com.	31.13.93.3	32934	1	6	0	2	14:23:39.508220	14:23:39.574092
2	1	200	29080	https://www.facebook.com/badges/?ref=pf	-	A	star.c10r.facebook.com.	31.13.93.3	32934	1	7	0	2	14:23:39.607060	14:23:39.675877
2	1	200	576240	https://www.facebook.com/facebook	-	A	star.c10r.facebook.com.	31.13.93.3	32934	1	12	0	3	14:23:39.698116	14:23:39.766963
2	1	200	52499	https://it-it.facebook.com/	-	A	-	-	-	1	41	1	4	14:23:40.022474	14:23:40.069812
2	1	200	53346	https://pl-pl.facebook.com/	-	A	-	-	-	1	41	1	4	14:23:40.154350	14:23:40.189971
2	1	200	55895	https://tr-tr.facebook.com/	-	A	-	-	-	1	41	1	4	14:23:40.277062	14:23:40.312521
2	1	200	55012	https://de-de.facebook.com/	-	A	-	-	-	1	41	1	4	14:23:40.398778	14:23:40.434331
2	1	200	53244	https://es-la.facebook.com/	-	A	-	-	-	1	41	1	4	14:23:40.525170	14:23:40.560604
2	1	200	53503	https://ro-ro.facebook.com/	-	A	-	-	-	1	41	1	4	14:23:40.654746	14:23:40.689009
2	1	200	62005	https://ru-ru.facebook.com/	-	A	-	-	-	1	41	1	4	14:23:40.781629	14:23:40.816443
2	1	200	79517	https://www.facebook.com/help/cookies	-	A	star.c10r.facebook.com.	31.13.93.3	32934	1	10	0	3	14:23:41.105627	14:23:41.194516
2	1	200	41257	https://www.facebook.com/mobile/?ref=pf	-	A	star.c10r.facebook.com.	31.13.93.3	32934	1	64	0	4	14:23:41.508646	14:23:41.576294
2	1	200	30124	https://www.facebook.com/lite/	-	A	star.c10r.facebook.com.	31.13.93.3	32934	1	10	0	3	14:23:41.703354	14:23:42.069880
2	1	200	34460	https://www.facebook.com/login/	-	A	star.c10r.facebook.com.	31.13.93.3	32934	1	38	0	3	14:23:42.102395	14:23:42.314713
2	1	200	48368	https://www.facebook.com/r.php	-	A	star.c10r.facebook.com.	31.13.93.3	32934	1	40	0	4	14:23:42.388685	14:23:42.454913
2	1	200	53095	https://www.facebook.com/	-	A	star.c10r.facebook.com.	31.13.93.3	32934	1	41	1	4	14:23:42.570510	14:23:42.638686
2	1	200	52214	https://www.facebook.com/pages/create/?ref_type=registration_form	-	A	star.c10r.facebook.com.	31.13.93.3	32934	1	9	0	4	14:23:42.723171	14:23:42.792730
2	1	200	58860	https://www.facebook.com/about/privacy	-	A	star.c10r.facebook.com.	31.13.93.3	32934	1	8	0	2	14:23:42.878564	14:23:42.976036
2	1	200	55951	https://www.facebook.com/legal/terms	-	A	star.c10r.facebook.com.	31.13.93.3	32934	1	8	0	3	14:23:44.015223	14:23:44.158157
2	1	200	36996	https://www.facebook.com/login.php?next=https%3A%2F%2Fwww.facebook.com%2Fsettings	-	A	star.c10r.facebook.com.	31.13.93.3	32934	1	38	0	3	14:23:44.190791	14:23:44.259249
2	1	200	38043	https://www.facebook.com/login.php?next=https%3A%2F%2Fwww.facebook.com%2Ffriends%2Frequests%2F%3Ffcref%3Dffi	-	A	star.c10r.facebook.com.	31.13.93.3	32934	1	38	0	3	14:23:45.657302	14:23:45.725811
2	1	200	48819	https://www.facebook.com/r.php?campaign_id=402047449186&extra_1=not-admgr-user&placement=pflo	-	A	star.c10r.facebook.com.	31.13.93.3	32934	1	40	0	4	14:23:45.800815	14:23:45.869275
2	1	200	57885	https://www.messenger.com/?_rdr	-	A	star.c10r.facebook.com.	31.13.93.3	32934	1	69	1	4	14:23:48.518383	14:23:48.587391
5	0	200	410150	https://de.yahoo.com/?p=us	-	A	src.yahoo.com.;src.g03.yahoodns.net.	188.125.73.108;77.238.184.150	42173;34010	6	93	4	5	14:23:47.804752	14:23:48.324698
5	1	200	410456	https://de.yahoo.com/	-	A	src.yahoo.com.;src.g03.yahoodns.net.	77.238.184.150;188.125.73.108	34010;42173	6	93	4	5	14:23:51.314615	14:23:51.409398
5	1	200	10413	http://de.weather.com/?cm_ven=yahoode&par=yahoode	ADRUM_28_26_0=clientRequestGUID%3A936478b2-cd05-4b34-aa07-c9ff16e19c5a;ADRUM_28_26_1=btId%3A13140	A	-	-	-	6	14	1	6	14:23:52.139960	14:23:52.227413
5	1	200	152460	http://www.pnp.de/region_und_lokal/landkreis_rottal_inn/simbach/1760919_Fluechtlinge-zum-Fruehstueck-eingeladen.html?ref=yfp	-	A	-	-	-	6	13	91	8	14:23:52.795262	14:23:52.948743
5	1	200	172008	http://www.ebay.de/?clk_rvr_id=785813619774&rmvSB=true	JSESSIONID=0A7E569D0033B5C078C9546537100603;ebay=%5Esbf%3D%23%5E;dp1=bu1p/QEBfX0BAX19AQA**57a090d8^bl/DE5981c458^;s=CgAD4ACBVwK7YZjM4NDlmZmExNGUwYTdlMDI0YjJkOGIxZmZkNTlhYjY8uPMJ;nonsession=CgADLAAFVv2RgMQDKACBfJV7YZjM4NDlmZmExNGUwYTdlMDI0YjJkOGIxZmZkNTlhYjbpzF50	A	www-de.g.ebay.com.;www.ebay.de.edgesuite.net.;a1985.b.akamai.net.	104.85.166.98;104.85.166.100	20940	6	14	0	5	14:23:53.004574	14:23:53.629648
5	1	200	81812	http://www.bernerzeitung.ch/panorama/vermischtes/Eine-Chilischote-fuehrte-zum-FlugzeugWrackteil/story/25917281?ref=yfp	-	A	-	-	-	6	74	1	9	14:23:53.681946	14:23:53.704306
5	1	200	58264	http://www.neu.de/signup/smart_landing_v2.phsl?tpl=20141203landing_registration_3step_symbols_kw_b	POSTCLICK_CMK_RAW=050053;POSTCLICK_TIME_RAW=1438604631;ky=3508031423510439319;meetic_cmk=050053;POSTCLICK_CMK=050053;POSTCLICK_TIME=1438604631;STACK_CMK=050053;SEO_KEYWORDS=us;KY_OPTS=tpl%3D20141203landing_registration_3step_symbols_kw_b;meetic_sessid=43__3_431ab90867eebb6bf075935ef047c545;SL2_OPTS=tpl%3D%3E20141203landing_registration_3step_symbols_kw_b%7C%7Copts%3D%3E111111111111111011111%7C%7Cvtpl%3D%3E%2Fsignup%2F2014%2F12%2F03%2Flanding_registration_3step_symbols_kw_b%7C%7Cversion%3D%3E6;TRACKING_SIGNUP=TRUE;signupSurvey=1;GTM_STACK=%7B%22pageCategory%22%3A%22landing%22%2C%22visitorDemographicInfo%22%3A%22%22%2C%22visitorID%22%3A%223508031423510439319%22%2C%22visitorExistingCustomer%22%3Anull%2C%22visitorType%22%3A%22050053%22%7D;tk_lid=%2Fsignup%2Fsmart_landing%2F20141203landing_registration_3step_symbols_kw_b;ADRUM_BT=R%3A26%7CclientRequestGUID%3A269cdc22-ac05-4fee-9a2d-214742a56e0221428%7CbtId%3A2327%7CbtDuration%3A63%7ChasEntryPointErrors%3Ae%7CbtERT%3A62;MeeticLTM=3808456202.20992.0000	A	de-v6.meetic.com.akadns.net.	212.73.212.91	3356	6	33	1	5	14:23:53.858281	14:23:53.934709
5	1	200	43324	http://contentfleet-yahoopartner.tumblr.com/post/125670884663/bobbi-kristina-trauerfeier-endet-mit-song-ihrer	-	A	-	-	-	6	20	1	5	14:23:54.004026	14:23:54.052049
5	1	200	39798	http://contentfleet-yahoopartner.tumblr.com/post/125588027208/kaum-wiederzuerkennen-nina-eichinger-zeigt-sich	-	A	-	-	-	6	18	1	5	14:23:54.105115	14:23:54.128685
5	1	200	59959	http://yahoo-style-de.tumblr.com/post/125525281957/die-gr%C3%B6%C3%9Ften-di%C3%A4tfehler-darum-klappt-es-nicht-mit	-	A	-	-	-	6	32	1	5	14:23:54.169813	14:23:54.214944
5	1	200	18895	http://info.yahoo.com/privacy/de/yahoo/relevantads.html	-	A	-	-	-	6	8	0	6	14:23:54.863005	14:23:54.933313
5	1	404	0	https://beap.gemini.yahoo.com/mbclk?bv=1.0.0&es=H6_d450GIS.ochaYnFT5isAvdNVZP2v9o6ak2Zc5guLTlu0WlyZcen1NpuoRfln.HqiR9AmD9zGuOZlI5g832_qOQhKi2zARuD0t1JMHOwB_Oq.OG09iYljSNFEPGkLGkf21DT_nphDowVkzGXadGLnHaIWZ2aopI01jTGw2zxMMZyYZ2kOjZlJXNmh5DY4qtsVlf9u2ARVfhPvASbKAqLJvL_24Anv_GpPO5RyIsNtXDavocUO4qvQSAyJamzxxJ_jN9n9NaoXqxdPQ6hlI9XxILTMrJJsw8LofTWK8GnDcHcMkwPZlintG3qQ_WXr47VGWpweWNwxZHzFYQGVK4JxFZEYybLRNVbElxN2BwlXS6BQLtSyvKly2lQgq_bzgQ6bVI5wN6lZ.LZaeRXdB31K4jxhZH.fEomlQyMaI92qKOHCqAdnsBsHVSxvOs_zrXmuIRwu12AbSr9vPdPCRW1UIGrjIKRhdUOM-%26lp%3Dhttps%3A%2F%2Fadfarm.mediaplex.com%2Fad%2Fnc%2F19766-145540-1039-41	-	A	-	-	-	6	0	0	0	14:23:55.007420	14:23:55.125102
5	1	404	0	https://beap.gemini.yahoo.com/mbclk?bv=1.0.0&es=j7l289kGIS8bMOGZFiHC9eHxyOhm3RLJNpE44Li.vOjvgI72gu6rD1w46QjPoAODrIE0OEgOaxDAdbaC7FbB3_tCasbQs8XqQmT0L9qTSgM6heQYJJ9eOl_xl38ReVTNDW1F28BnU629JdaZ7TP7IdnTJJJrekeVbqBeQ3SZjZHCYtDT1xjgjXYleVo7KIUejIgvkwu4B79b.S1SfklXzWgTrrJZu7gndPEClMuE2tA2vqFGDTs0s5vaDiU_BvUljku1IYq17lZXWBFpjAdM2yqmTpekXF_3NB3ufNPaVYfkzkBk8TAQHhzKsUXirdxr2QKA6vgzVBLwOyVei_RFdjePCPvlsGEWi_D.DYuJdArshQdt.ntLaO9zp5b5C6aGms8fIJVnhdFVrU2umkQ4WxB_9tFVhRDFzNXjhNdQUS8vJMsQHTaDJh7qrjhBkZU_ThTiy3NXri77w9X4is7CzhCgrZv6JiU_lRHm8mC_Y6XQ9_dCEalVoNJ3vno_noRePvEFUDuwZbv30oqdaMFt7oU0U0HqCZ1K3gG1n6lfDIUMrzcEA1R_c0IV642Ops6kTFlRVQX_3wtyR5y9q7E36iOymkY-%26lp%3Dhttp%3A%2F%2Fwww.lidl.de%2Fde%2Fso-macht-schule-spass-ab-03-08%2Fc15114%3Futm_source%3Ddisplay%26utm_medium%3Dcpc%26utm_campaign%3DYahoo%26et_cid%3D8%26et_lid%3D836530	-	A	-	-	-	6	0	0	0	14:23:55.127720	14:23:55.131277
5	1	200	89392	http://www.spiegel.de/kultur/tv/sommer-dschungelcamp-kein-lagerkoller-nirgends-a-1046309.html	-	A	-	-	-	6	25	26	3	14:23:55.711675	14:23:55.920511
5	1	404	0	https://beap.gemini.yahoo.com/mbclk?bv=1.0.0&es=jY09CgUGIS8bDHXIDArarczVsY3_fcnDZfkZaDhR4xIpTRgGnBCD7gLENyjI7hM1S2seOfkvkiinpQkt0kbSri7WtKYNp1rqad9LgQUn6iQwk3vnBEyR2h_rv3DZS1rJK2BdKpaTggty9SpqrVGfVSkQmi2FSkn3bf0vdPUdSRNlPW97hbG935hCc.xAzE1YGT0t2AQ8LF14mSmhqnkH6g9T6RRIyLsx0b4am8BcPfU25Wb.8M05VzNHVWpp9_HG3AfAaCqBbOONtRbZbNVEjt8mbvvFoa6wooERHHQ1fXOsIBh2zQumKyywWeqLrM0jAf2IY4n11r9zq9_cP5yyTvY4XzZE2K_LuqaER_cL6bwP8ikq8FYah8v7nAdpQMD.dfbO3inhEOsfxCt68VH78Hm3p.cRJ8SXJf15D.Dmc27pAHvYLkY40QRYMyBAATsSC8YKLTeqVIQAgO9TfLzNi2J7Z0PgdHI_KPY5onJnAgnaWd6iiLROlW0X5E132VjyTmlPeMsP8pEdE6yJCxw3IkDJXXdhOxEJpwlyb5GLP.fI15skUMpKQYfV3MCMr5sg0RbInnlq8BNrNFrJ0QryvGPRk5vjzj4wljp0JIi5hg_u8_7z9Wl76RQ3Wk_LJMOaZN16Jp8YYN_nuoPpzYoe1gVVvQoIo3q5G6ltNEySEjzbJL5Y%26lp%3Dhttp%3A%2F%2Fetracker.ikanobank.de%2Frdirect.php%3Fet%3Dkkm%26et_cid%3D185%26et_lid%3D1508%26et_sub%3D%26et_src%3D%26et_placement%3D%26et_url%3Dhttp%253A%252F%252Fwww.ikanobank.de%252Fkashborgen.php%253FAPID%253D4706%2526keyword%253D	-	A	-	-	-	6	0	0	0	14:23:56.801030	14:23:56.802847
5	1	404	0	https://beap.gemini.yahoo.com/mbclk?bv=1.0.0&es=.sGxQjAGIS.8nFszSdgzANw.zDP6Z_bHeJTCDEdGUNcoVG3LvRs.S1b5h_my.N5V5dCxMMwXz3hMMa6tySF1wjwvC2uDR6GcxcQigAd5hTuGX04fdUGJQh84.tOyS.5FFWuxmbqz4vefugcxBCqqWqn3_P3HUCUsb16EnGTd7CB92bsaKBUh3cMDg53onrXamBtOh9I4EcwXM_OsCuYuycfBijeuC3gNWDkw_39QZUmcqV.8SP.alsvLscBvpkpNWIL8G30Nv6G4GnbBFXMX8inB0dPmjaOKuknG9ZFCR.PuS9n_KIhBQqxXWEyCmDIRDDPu4K6AJYQu2Efmt_1x3JPvZLzk1jeh.5M2BZJj248QzeJKYHt7mNwLaSCTcfgWKk1YX6mZD.l3hibw2tQAzQgH0bkY2H3SC6EqShYZeNtv0WnETtaho5n84t3Xw9zJs_Bbp.v6E2Xh2gEJBZD8uOVGpqaIufYdlhiTSviH_HVPW.d_b7lkHkHOxT3W3xr5Oy48cGzlxf3MfvciNxi07zROmpY_I0rtz_VAWui_fWW25Cv2GxvG_gzENgkE8ZsUPOZoAl.sBkCHvzs2mReECCBoXygdK4l5EdSpcDOZ7T6CH2N3%26lp%3Dhttp%3A%2F%2Fwww.secretescapes.de%2Finstant-access%2Fyahoonde%3Futm_source%3Dyahoonde%26utm_medium%3Ddisplay%26utm_content%3Dinfinitypool%26utm_campaign%3DEntertainment_Interest	-	A	-	-	-	6	0	0	0	14:23:56.807209	14:23:56.810018
5	1	200	18906	https://info.yahoo.com/privacy/de/yahoo/relevantads.html	-	A	-	-	-	6	8	0	6	14:23:56.811889	14:23:56.814665
5	1	200	37945	https://de.uebersicht.yahoo.com/	-	A	-	-	-	6	14	6	4	14:23:56.841067	14:23:57.065501
5	1	200	108723	https://de.answers.yahoo.com/	-	A	-	-	-	6	23	0	4	14:23:57.103778	14:23:57.343947
5	1	200	97568	https://login.yahoo.com/config/login?.done=https%3A%2F%2Fde.yahoo.com%2F%3Fp%3Dus&.intl=de&.lang=de-DE&.src=fpctx	-	A	-	-	-	6	6	0	4	14:23:57.412132	14:23:57.562467
5	1	200	250936	https://de.spiele.yahoo.com/	B=dr3oijtarunar&b=3&s=b9	A	-	-	-	6	172	0	4	14:23:57.593624	14:23:57.646140
5	1	200	36970	https://de.mobile.yahoo.com/mail/	B=f8eu8mtarunaq&b=3&s=hq	A	-	-	-	6	5	0	3	14:23:58.122808	14:23:58.168213
5	1	200	32108	http://yahoo.enpress.de/	ASP.NET_SessionId=an3vzsex2eiq3bx1jowhyihu	A	-	-	-	6	1	31	1	14:23:58.188012	14:23:58.210324
5	1	200	64	https://de.messenger.yahoo.com/	-	A	-	-	-	6	0	0	0	14:23:58.396676	14:23:58.537213
5	1	200	51021	https://de.finance.yahoo.com/q?s=%5EDJI	PRF=&t=^DJI	A	-	-	-	6	20	0	6	14:23:58.540751	14:23:58.686017
5	1	200	46490	https://de.finance.yahoo.com/q?s=EURUSD%3DX	PRF=&t=EURUSD=X	A	-	-	-	6	10	0	6	14:23:58.738357	14:23:58.740952
5	1	200	53266	https://de.search.yahoo.com/search?fr=fp-tts-911&fr2=ps&p=Rafael+Nadal	sSN=BVFTR1c2wWFm0XkiDaAlVOTkkGQ7fg2PQItr5OTYsEgoDrYT0mRZpnaK3zhUHRSZZL0HaEtlDZHWdUJZuba8Ow--	A	-	-	-	6	3	0	1	14:23:58.772642	14:23:59.000590
5	1	200	46379	https://de.search.yahoo.com/search?fr=fp-tts-911&fr2=ps&p=Windows+10	sSN=w1If7B42wWEpMN7qzuxZbaRwDNEPmaavLF8FVL0Y2z4C_PeQg1XLe2kgGRQ0zOQtott54QxTm7X4FQtpwPP3sA--	A	-	-	-	6	3	0	1	14:23:59.025575	14:23:59.027655
5	1	200	112208	https://de.search.yahoo.com/search?fr=fp-tts-911&fr2=ps&p=Taucherbrille	sSN=rzj2azQ2wWH_NgWu.ves60DF.JwneXomhNWUGVWn5Etrkzqsiv6YLiegbn9XLTLngxQmXPYjZk8KjIQrDVim3g--	A	-	-	-	6	3	0	1	14:23:59.050177	14:23:59.052343
5	1	200	80649	https://de.wetter.yahoo.com/gm/be/berlin-20065570/	-	A	-	-	-	6	25	6	6	14:23:59.074897	14:23:59.277783
5	1	200	54505	https://de.search.yahoo.com/search?fr=fp-tts-911&fr2=ps&p=Boko+Haram+Geiseln	sSN=Kww4v082wWHZl92P.tqbrnJ6MLbD8B4OeeD3n4IlVy6M4Iplpo1W5DN8tTuXSCoP68ULxPyLIsxdqoRK7TNagw--	A	-	-	-	6	3	0	1	14:23:59.339546	14:23:59.341612
5	1	200	58045	https://de.search.yahoo.com/search?fr=fp-tts-911&fr2=ps&p=Horst+Seehofer+Sommerinterview	sSN=gXsWEus2wWFH0JbbYG1Y4iwxDvqn8SElpm1teUYSMlODivKuNz7wAgjZ.lUDEVB2Fa4lyMazR1d_GJo0B6gGDQ--	A	-	-	-	6	3	0	1	14:23:59.358364	14:23:59.360428
5	1	200	54526	https://de.search.yahoo.com/search?fr=fp-tts-911&fr2=ps&p=Til+Schweiger+Fl%C3%BCchtlingsheim	sSN=cE5E2jI2wWGmTSV3FACFoRc6nRN3D5RSYmlTwMNfrEAdt9zquMYpR4GyTjK9VJc1CJMJ5jWY_7U9VD.mmzytKA--	A	-	-	-	6	3	0	1	14:23:59.376810	14:23:59.378955
5	1	200	106164	https://de.search.yahoo.com/search?fr=fp-tts-911&fr2=ps&p=Strandkorb	sSN=tPFWd5Y2wWEZjEUtrBCvCRZsXXlB.dTorU1f75SIjuupNuwI8dYcP_OHkNWt0sSfYL2X6zuZqRkkBfLbZi31QQ--	A	-	-	-	6	3	0	1	14:23:59.393415	14:23:59.395937
5	1	200	59340	http://www.neu.de/signup/smart_landing_v2.phsl?tpl=20150227landing_registration_5step_symbols_kw_b	POSTCLICK_TIME_RAW=1438604636;ky=3508031423560259398;POSTCLICK_TIME=1438604636;KY_OPTS=tpl%3D20150227landing_registration_5step_symbols_kw_b;meetic_sessid=25__3_01c88234ef204f672518f17e7785cbba;SL2_OPTS=tpl%3D%3E20150227landing_registration_5step_symbols_kw_b%7C%7Copts%3D%3E111111111111111011111%7C%7Cvtpl%3D%3E%2Fsignup%2F2015%2F02%2F27%2Flanding_registration_5step_symbols_kw_b%7C%7Cversion%3D%3E6;GTM_STACK=%7B%22pageCategory%22%3A%22landing%22%2C%22visitorDemographicInfo%22%3A%22%22%2C%22visitorID%22%3A%223508031423560259398%22%2C%22visitorExistingCustomer%22%3Anull%2C%22visitorType%22%3A%22050053%22%7D;tk_lid=%2Fsignup%2Fsmart_landing%2F20150227landing_registration_5step_symbols_kw_b;ADRUM_BT=R%3A26%7CclientRequestGUID%3Aeda3e1ac-c85a-4360-b6b8-a0282827a5de22117%7CbtId%3A2327%7CbtDuration%3A65%7ChasEntryPointErrors%3Ae%7CbtERT%3A44;MeeticLTM=620850698.20992.0000	A	de-v6.meetic.com.akadns.net.	212.73.212.91	3356	6	33	1	5	14:23:59.645621	14:23:59.826175
5	1	200	372710	http://www.amazon.de	-	A	-	-	-	6	160	6	4	14:23:59.891815	14:23:59.948503
5	1	200	169579	https://de.finance.yahoo.com/	-	A	-	-	-	6	63	12	5	14:24:00.243621	14:24:00.245674
5	1	200	378085	https://de.screen.yahoo.com/	-	A	-	-	-	6	49	0	5	14:24:00.372090	14:24:00.414567
5	1	200	348834	https://de.screen.yahoo.com/wetter/wettervorhersage-40-grad-sichtweite-081238153.html	-	A	-	-	-	6	44	0	5	14:24:00.516522	14:24:00.518562
5	1	200	71416	https://de.tv.yahoo.com/news/stefan-raab-brainpool-mitarbeiter-klagen-gegen-entlassung-102149944.html	-	A	-	-	-	6	17	6	5	14:24:00.610717	14:24:00.652830
5	1	200	376195	https://de.screen.yahoo.com/gro%C3%9Fz%C3%BCgiges-geschenk-von-ronaldo-110441201.html	-	A	-	-	-	6	50	0	5	14:24:00.696668	14:24:00.698708
5	1	200	79042	https://de.wetter.yahoo.com/	-	A	-	-	-	6	24	6	6	14:24:00.802429	14:24:00.804686
5	1	200	375997	https://de.screen.yahoo.com/mit-diesen-taschen-sollten-sie-113437199.html	-	A	-	-	-	6	50	0	5	14:24:00.858888	14:24:00.861120
5	1	200	384246	https://de.screen.yahoo.com/auf-den-zweiten-blick-ein-110214113.html?vp=1	-	A	-	-	-	6	51	0	5	14:24:00.969724	14:24:00.972176
5	1	200	239019	https://de.sports.yahoo.com/news/schock-f%C3%BCr-juve-l%C3%B6w-zwei-081308344.html	-	A	-	-	-	6	43	6	5	14:24:01.079141	14:24:01.120988
5	1	200	374907	https://de.screen.yahoo.com/sarah-connar-als-sexy-kapit%C3%A4nin-101039434.html	-	A	-	-	-	6	45	0	5	14:24:01.212615	14:24:01.214625
5	1	200	29902	https://s.yimg.com/zz/combo?nn/lib/metro/g/theme/yglyphs-legacy_0.0.4.css&nn/lib/metro/g/myy/fp_0.0.56.css&nn/lib/metro/g/sda/fp_sda_0.0.1.css	-	L	-	-	-	6	0	0	0	14:24:01.546048	14:24:01.589147
5	1	200	15544	https://s.yimg.com/kx/yucs/uh3s/atomic/63/css/atomic-min.css	-	L	-	-	-	6	0	0	0	14:24:01.591965	14:24:01.595540
5	1	200	5430	https://s.yimg.com/rz/l/favicon.ico	-	L	-	-	-	6	0	0	0	14:24:01.596790	14:24:01.598827
5	1	200	136731	https://s.yimg.com/zz/combo?/os/stencil/3.1.0/styles-ltr.css&/os/fp/atomic-css.bb0d9655.css	-	L	-	-	-	6	0	0	0	14:24:01.602536	14:24:01.604798
5	1	200	26083	https://s.yimg.com/dh/ap/yahoo/DE_2.jpg	-	I	-	-	-	6	0	0	0	14:24:01.605982	14:24:01.608209
5	1	200	225709	https://qc.yahoo.com	-	A	src.yahoo.com.;src.g03.yahoodns.net.	77.238.184.150;188.125.73.108	34010;42173	6	46	4	5	14:24:01.801740	14:24:01.986918
5	1	200	48866	https://de.groups.yahoo.com/neo	-	A	-	-	-	6	7	6	4	14:24:02.142576	14:24:02.292949
5	1	200	672826	https://de.kino.yahoo.com/	-	A	-	-	-	6	18	1	7	14:24:02.322155	14:24:02.509550
5	1	200	508842	https://de.style.yahoo.com/	-	A	-	-	-	6	18	1	7	14:24:02.569314	14:24:02.755061
5	1	200	454059	https://de.stars.yahoo.com/	-	A	-	-	-	6	18	1	7	14:24:02.809986	14:24:02.880000
5	1	200	376177	https://de.screen.yahoo.com/beauty-tipps-f%C3%BCr-ihre-haare-150441174.html	-	A	-	-	-	6	50	0	5	14:24:02.936002	14:24:02.937969
5	1	200	461808	https://de.screen.yahoo.com/bad-blood-015612430.html	-	A	-	-	-	6	52	0	5	14:24:03.046811	14:24:03.049180
5	1	200	45684	https://de.search.yahoo.com/search?fr=fp-tts-911&fr2=ps&p=%22HitchBOT%22+Experiment	sSN=OComlNA2wWHa.mWcqWnRvoivPx67j.0BF31f6CWf0FZL8kG6esDLVnUqDA_x1.fZZ_zpA0TNhf6qfHhTLOslaw--	A	-	-	-	6	3	0	1	14:24:03.161966	14:24:03.164025
5	1	200	49118	https://de.finance.yahoo.com/q?s=%5EGDAXI	PRF=&t=^GDAXI	A	-	-	-	6	20	0	6	14:24:03.178478	14:24:03.180664
5	1	200	64133	https://www.ruhrnachrichten.de/nachrichten/vermischtes/aktuelles_berichte/Schwerer-Unfall-Auto-bleibt-fast-senkrecht-in-Boeschung-stecken;art29854,2777866?ref=yfp	fCMS=jqfl895stdoeobmbkrup5iji12	A	-	-	-	6	8	33	6	14:24:03.385404	14:24:03.451879
5	1	200	112307	https://de.search.yahoo.com/search?fr=fp-tts-911&fr2=ps&p=Ferienhaus+D%C3%A4nemark	sSN=6Wmties2wWG6_0mM3A1bgS0dcWtpW3GR6uUiIobHCqQV34kRMr9NGWUzoW0hRDOXJ.HSLp8VBh6xdyNTib_Jxg--	A	-	-	-	6	3	0	1	14:24:03.744674	14:24:03.746591
5	1	200	47017	https://de.search.yahoo.com/search?fr=fp-tts-911&fr2=ps&p=Doping+Skandal+Leichtathletik	sSN=YZY5NEM2wWFZ.RUUL2FlVSOX5tood2ne6WKUUPgC3OyYS2o42NoKIjvnxqTYTuVyy_urtixma2BL9TawudMOxg--	A	-	-	-	6	3	0	1	14:24:03.769235	14:24:03.771434
5	1	200	2791	https://de.search.yahoo.com/opensearch.xml	-	L	-	-	-	6	0	0	0	14:24:03.788517	14:24:03.790668
5	1	200	120973	http://yahooadvertisingde.tumblr.com/	-	A	-	-	-	6	28	14	6	14:24:04.044675	14:24:04.121455
5	1	200	212146	https://be.yahoo.com	-	A	-	-	-	6	47	4	5	14:24:04.194562	14:24:04.238031
5	1	200	216485	https://fr-be.yahoo.com	-	A	-	-	-	6	47	4	5	14:24:04.346229	14:24:04.389423
5	1	200	224536	https://ro.yahoo.com	-	A	src.yahoo.com.;src.g03.yahoodns.net.	188.125.73.108;77.238.184.150	42173;34010	6	47	4	5	14:24:04.492605	14:24:04.604406
5	1	200	34121	https://de.mobile.yahoo.com/	B=fgmlqt5arunas&b=3&s=f9	A	-	-	-	6	13	0	3	14:24:04.703004	14:24:04.705380
5	1	200	158083	https://s.yimg.com/rq/darla/2-8-9/js/g-r-min.js	-	S	-	-	-	6	0	0	0	14:24:04.737319	14:24:04.739228
5	1	200	435831	https://ca.yahoo.com	-	A	src.yahoo.com.;src.g03.yahoodns.net.	188.125.73.108;77.238.184.150	42173;34010	6	105	4	5	14:24:04.741192	14:24:04.853307
5	1	200	365536	https://br.yahoo.com	-	A	src.yahoo.com.;src.g03.yahoodns.net.	77.238.184.150;188.125.73.108	34010;42173	6	90	4	5	14:24:05.067214	14:24:05.179494
5	1	200	372411	https://espanol.yahoo.com	-	A	src.yahoo.com.;src.g03.yahoodns.net.	188.125.73.108;77.238.184.150	42173;34010	6	91	4	5	14:24:05.362355	14:24:05.472795
5	1	200	43	https://sb.scorecardresearch.com/p2?c1=2&c2=7241469&c7=https%3A%2F%2Fde.yahoo.com%2F&c5=2142153770&cv=2.0&cj=1	-	I	-	-	-	6	0	0	0	14:24:05.862942	14:24:05.934877
5	1	200	2611	https://s.yimg.com/os/mit/media/p/common/images/favicon_new-7483e38.svg	-	L	-	-	-	6	0	0	0	14:24:05.940945	14:24:05.943612
5	1	200	99139	https://de.finance.yahoo.com/nachrichten/flugzeugtr%C3%A4ger-seenot-095301749.html	-	A	-	-	-	6	25	6	6	14:24:05.945019	14:24:05.947726
5	1	200	74834	https://de.nachrichten.yahoo.com/%E2%80%9Eliebe-vollidioten-und-asoziale-%E2%80%9C-100743425.html	-	A	-	-	-	6	17	6	5	14:24:06.016226	14:24:06.083109
5	1	404	0	https://beap.gemini.yahoo.com/mbclk?bv=1.0.0&es=8iBQso4GIS9V6fIHhE0Emxa9kugpqxzPqyBn1HP7Ta7m3FIJzfHznoJd5zVXZtiZaodyOkK5B.kxIWQquegeex5r_wDMqoaVFgFH9mLTtiSF3vajLsKyUBMjjP.hFtNZ00YH5EMQjvZAcoLYxidqn2a0fijAVOtjV3OEYSBIvx_3GIlsNjZZpJ8v10iiexszpF0UeKxkwP34zvWKwZ.gJlULTka5KFdyZzKQ2PUOt9nanyLvYfakXmvpKI5jUuvRoa2lesF8pmgmbzWB_KTB4kiLbP0IuRO2a_Ut1XpomALaMflBUgVL0dIDy.2t_RWS86hU0MNniIF4DNlzmOEcfchQrjOftfGSgOthnneU_IZ8Gt.xqbTMo2r_wbMWL4E6gpWPsSHggWNtwP0qbq658Bamz73kDLuK5Vwc1DgqOOCRkKkdIciogSs8Tbt6WKBWlmdbKqN9QMKrZ6QqBQTHtLX14BVMCdWlzzdSjrdSP04xhgUsZShL3K.1xe7TLSdyx_R_LaKjCdTtTyxP5S5xlg--%26lp%3Dhttp%3A%2F%2Fwww.sometrksys.com%2F5f4d2b72-4ed3-4e75-85a9-9ab34505ca1b%3Fadimg%3D1%26adcopy%3D1%26dim%3Drec	-	A	-	-	-	6	0	0	0	14:24:06.134197	14:24:06.136321
5	1	200	113139	https://de.nachrichten.yahoo.com/mysteri-riesen-ufo-ber-den-philippinen-beobachtet-121229658.html	-	A	-	-	-	6	34	6	5	14:24:06.137292	14:24:06.189799
5	1	200	111547	https://de.nachrichten.yahoo.com/kugel-prallt-g-rteltier-ab-und-verletzt-texaner-095035839.html	-	A	-	-	-	6	34	6	5	14:24:06.271973	14:24:06.378479
5	1	200	4493	https://s.yimg.com/uu/api/res/1.2/C_GbHF3INmkBpAjg09gztQ--/Zmk9ZmlsbDtoPTEwMDtweW9mZj0wO3c9MTAwO3NtPTE7YXBwaWQ9eXRhY2h5b24-/http://slingstone.zenfs.com/offnetwork/0896a750c1cf92bcee681a31214f8d02	-	I	-	-	-	6	0	0	0	14:24:06.455617	14:24:06.457531
5	1	200	2713	https://s.yimg.com/uu/api/res/1.2/LIfPx.AXgEJZarpbHtDw_Q--/Zmk9ZmlsbDtoPTEwMDtweW9mZj0wO3c9MTAwO3NtPTE7YXBwaWQ9eXRhY2h5b24-/http://media.zenfs.com/de-DE/homerun/spotonnews.de.com/2366d477c525514435a6a4dd1070a600	-	I	-	-	-	6	0	0	0	14:24:06.458419	14:24:06.460483
5	1	200	43	https://s.yimg.com/os/mit/ape/m/81f43c2/t.gif	-	I	-	-	-	6	0	0	0	14:24:06.507928	14:24:06.509961
5	1	200	3271	https://s.yimg.com/nn/fp/rsz/080215/images/smush/untitled_panorama1_120x48_1438511541.jpg	-	I	-	-	-	6	0	0	0	14:24:06.510840	14:24:06.512659
5	1	200	3020	https://s.yimg.com/nn/fp/rsz/080115/images/smush/GettyImages-477747400_120x48_1438435925.IPADjpg.jpg	-	I	-	-	-	6	0	0	0	14:24:06.513542	14:24:06.515572
5	1	200	225491	https://id.yahoo.com	-	A	src.yahoo.com.;src.g03.yahoodns.net.	188.125.73.108;77.238.184.150	42173;34010	6	47	4	5	14:24:06.817815	14:24:06.941495
5	1	200	388632	https://de.screen.yahoo.com/fire-n-gold-official-video-171528296.html	-	A	-	-	-	6	46	0	5	14:24:07.045406	14:24:07.047582
5	1	200	410730	https://de.screen.yahoo.com/way-162700385.html	-	A	-	-	-	6	52	0	5	14:24:07.147322	14:24:07.149606
5	1	200	407315	https://de.screen.yahoo.com/good-guys-214151538.html	-	A	-	-	-	6	46	0	5	14:24:07.263672	14:24:07.265678
5	1	200	423029	https://de.screen.yahoo.com/california-roll-222931828.html	-	A	-	-	-	6	53	0	5	14:24:07.366152	14:24:07.368183
5	1	200	414671	https://de.screen.yahoo.com/sparks-205622016.html	-	A	-	-	-	6	52	0	5	14:24:07.484376	14:24:07.486605
5	1	200	374262	https://de.screen.yahoo.com/save-now-114026115.html	-	A	-	-	-	6	46	0	5	14:24:07.597171	14:24:07.599190
5	1	200	243865	https://za.yahoo.com	-	A	-	-	-	6	47	4	5	14:24:07.697395	14:24:07.739495
5	1	200	369514	https://uk.yahoo.com	-	A	src.yahoo.com.;src.g03.yahoodns.net.	77.238.184.150;188.125.73.108	34010;42173	6	87	4	5	14:24:07.845358	14:24:07.957569
5	1	200	414537	https://sg.yahoo.com/	-	A	src.yahoo.com.;src.g03.yahoodns.net.	188.125.73.108;77.238.184.150	42173;34010	6	93	4	10	14:24:08.139241	14:24:08.249453
5	1	200	249118	https://ie.yahoo.com	-	A	src.yahoo.com.;src.g03.yahoodns.net.	188.125.73.108;77.238.184.150	42173;34010	6	47	4	5	14:24:08.442375	14:24:08.551174
5	1	200	149411	https://de.nachrichten.yahoo.com/	-	A	-	-	-	6	69	6	5	14:24:08.839780	14:24:08.898969
5	1	200	83100	https://de.nachrichten.yahoo.com/video/luxus-am-mont-blanc-rotierende-092201095.html	-	A	-	-	-	6	16	6	6	14:24:09.047449	14:24:09.049728
5	1	200	210508	https://de.nachrichten.yahoo.com/fotos/diese-serienstars-sind-abseits-der-slideshow-154059993/	-	A	-	-	-	6	50	6	5	14:24:09.088493	14:24:09.093718
5	1	200	113152	https://de.nachrichten.yahoo.com/schwerer-fehler-christina-applegate-lehnte-hauptrolle-nat-rlich-115342123.html	-	A	-	-	-	6	34	6	5	14:24:09.203996	14:24:09.205990
5	1	200	3918	https://s.yimg.com/nn/fp/rsz/080315/images/smush/Hitzewelle_120x48_1438593693.jpg	-	I	-	-	-	6	0	0	0	14:24:09.284261	14:24:09.286229
5	1	200	113778	https://de.nachrichten.yahoo.com/schockierender-fund-regloses-baby-auf-flughafen-toilette-entdeckt-040327943.html	-	A	-	-	-	6	34	6	5	14:24:09.287183	14:24:09.289179
5	1	200	357506	https://de.screen.yahoo.com/vevo---neuerscheinungen/la-mordidita-215519600.html	-	A	-	-	-	6	43	2	4	14:24:09.573207	14:24:09.575134
5	1	200	404053	https://de.screen.yahoo.com/grass-always-greener-explicit-172609458.html	-	A	-	-	-	6	53	0	5	14:24:09.672867	14:24:09.674866
5	1	200	1342332	https://s.yimg.com/zz/combo?yui:/3.12.0/yui/yui-min.js&/os/mit/td/asset-loader-s-9f995fb0.js&/ss/rapid-3.29.1.js&/os/mit/td/aperollup-min-95c9e99a.js&/os/mit/td/td-applet-navrail-0.0.640/r-min.js&/os/mit/td/td-applet-today-0.1.638/r-min.js&/os/mit/td/td-applet-weather-0.1.636/r-min.js&/os/mit/td/td-applet-screen-0.1.217/r-min.js&/os/mit/td/td-applet-trending-0.1.312/r-min.js&/os/mit/td/td-applet-stream-0.0.1214/r-min.js	-	S	-	-	-	6	0	0	0	14:24:09.905508	14:24:09.907624
5	1	200	97689	https://login.yahoo.com/config/login?.done=https%3A%2F%2Fde.finance.yahoo.com%2Fportfolios%2F&.intl=de&.lang=de-DE&.src=my-port	-	A	-	-	-	6	6	0	4	14:24:09.908865	14:24:09.910993
5	1	200	5639	https://s.yimg.com/nn/fp/rsz/080315/images/smush/Khedira_120x48_1438596119.jpg	-	I	-	-	-	6	0	0	0	14:24:09.941403	14:24:09.943629
5	1	200	108924	https://de.nachrichten.yahoo.com/niedersachsen-fordert-stopp-hinderlicher-gesetze-073320067.html	-	A	-	-	-	6	35	6	5	14:24:09.944590	14:24:09.946477
5	1	200	70769	https://de.nachrichten.yahoo.com/lokales/	-	A	-	-	-	6	18	6	5	14:24:10.026092	14:24:10.028108
5	1	200	4805	https://s.yimg.com/nn/fp/rsz/080215/images/smush/ThinkstockPhotos-494711559_120x48_1438519063.IPADjpg.jpg	-	I	-	-	-	6	0	0	0	14:24:10.075518	14:24:10.077484
5	1	200	58232	https://s.yimg.com/nn/fp/rsz/080215/images/smush/ThinkstockPhotos-494711559_635x250_1438519063.IPADjpg.jpg	-	I	-	-	-	6	0	0	0	14:24:10.080953	14:24:10.083065
5	1	200	173306	https://de.sports.yahoo.com/	-	A	-	-	-	6	55	6	5	14:24:10.209619	14:24:10.211988
5	1	200	95766	https://login.yahoo.com/	-	A	-	-	-	6	6	0	4	14:24:10.894589	14:24:10.899047
5	1	200	84343	https://de.horoskop.yahoo.com/horoskop/l%C3%B6we/astro-tag-20150803.html	-	A	-	-	-	6	26	6	5	14:24:10.927530	14:24:11.044945
5	1	200	368849	https://de.screen.yahoo.com/vevo---neuerscheinungen/next-storm-154256174.html	-	A	-	-	-	6	43	2	4	14:24:11.588960	14:24:11.590868
5	1	200	355957	https://de.screen.yahoo.com/evil-eyes-142155374.html	-	A	-	-	-	6	45	0	5	14:24:11.684808	14:24:11.686835
5	1	200	407897	https://de.screen.yahoo.com/vevo---neuerscheinungen/bitch-im-madonna-195338501.html	-	A	-	-	-	6	43	2	4	14:24:11.787967	14:24:11.790025
5	1	200	390636	https://de.screen.yahoo.com/s%C3%BC%C3%9F-niest-zwergspitz-roux-102252305.html	-	A	-	-	-	6	51	0	5	14:24:11.884053	14:24:11.886028
5	1	200	352298	https://de.screen.yahoo.com/doutzen-kroes-ganz-ungeschminkt-104838772.html	-	A	-	-	-	6	45	0	5	14:24:12.117305	14:24:12.119273
5	1	200	34783	https://help.yahoo.com/kb/homepage/SLN14553.html?impressions=true	B="4ue6lhparunb9&b=3&s=ss";JSESSIONID=4C01428D0017CA0846F360A462101E57.extprodweb16-vm_inqhic2root	A	src.yahoo.com.;src.g03.yahoodns.net.	77.238.184.150;188.125.73.108	34010;42173	6	14	0	5	14:24:12.213499	14:24:12.324189
5	1	200	51435	https://policies.yahoo.com/ie/de/yahoo/privacy/index.htm	-	A	-	-	-	6	11	3	3	14:24:12.491104	14:24:12.580512
5	1	200	46832	https://policies.yahoo.com/ie/de/yahoo/privacy/topics/cookies/index.htm	-	A	-	-	-	6	11	3	3	14:24:12.615445	14:24:12.853869
5	1	200	273360	https://de.sports.yahoo.com/news/esp-bundesliga-verwirrung-um-de-bruyne-aussage-sorgt-f%C3%BCr-130808639--sow.html	-	A	-	-	-	6	72	6	5	14:24:12.890049	14:24:12.893191
5	1	200	39977	https://help.yahoo.com/mkb/index.php?locale=de_DE	-	A	src.yahoo.com.;src.g03.yahoodns.net.	188.125.73.108;77.238.184.150	42173;34010	6	7	0	3	14:24:13.048744	14:24:13.497101
5	1	200	537890	https://yahoo.uservoice.com/forums/206284-deutschland-homepage	__cfduid=d81c0ca0fa620d6bc30e91445355197a81438604650;_rf=0;_session_id=fd2b69e46bb19e2b156dc58a5db0a073	A	-	-	-	6	3	47	3	14:24:13.522856	14:24:13.544058
5	1	200	392433	https://de.screen.yahoo.com/100-jahre-sch%C3%B6nheit-deutschland-102610407.html	-	A	-	-	-	6	51	0	5	14:24:13.639929	14:24:13.642219
5	1	200	395356	https://de.screen.yahoo.com/paris-hilton-gedenkt-michael-jackson-111307696.html	-	A	-	-	-	6	51	0	5	14:24:13.751514	14:24:13.753514
5	1	200	391639	https://de.screen.yahoo.com/orang-utan-k%C3%BCsst-babybauch-081616589.html	-	A	-	-	-	6	51	0	5	14:24:13.970871	14:24:13.972961
5	1	200	384226	https://de.screen.yahoo.com/auf-den-zweiten-blick-ein-110214113.html	-	A	-	-	-	6	51	0	5	14:24:14.869279	14:24:14.871276
5	1	200	392929	https://de.screen.yahoo.com/der-verr%C3%BCckteste-zoo-der-welt-113641423.html	-	A	-	-	-	6	51	0	5	14:24:14.982465	14:24:14.984898
5	1	200	374896	https://de.screen.yahoo.com/wegen-einer-hose-gefeuert-123638680.html	-	A	-	-	-	6	50	0	5	14:24:15.093236	14:24:15.095262
5	1	200	247443	https://de.stars.yahoo.com/post/125673811896/verlierer-des-tages	-	A	-	-	-	6	17	1	6	14:24:16.068047	14:24:16.070154
5	1	200	225356	https://de.sports.yahoo.com/news/ar%C3%A1nguiz-stellt-klar-wechsel-bayer-062209484.html	-	A	-	-	-	6	38	6	5	14:24:16.120680	14:24:16.122725
5	1	200	58807	https://careers.yahoo.com/de/	-	A	src.yahoo.com.;src.g03.yahoodns.net.	77.238.184.150;188.125.73.108	34010;42173	6	53	1	7	14:24:16.324916	14:24:17.241728
5	1	200	54323	https://safety.yahoo.com/DE/	-	A	-	-	-	6	24	3	5	14:24:17.402985	14:24:17.532749
5	1	200	34539	https://policies.yahoo.com/ie/de/yahoo/terms/contact/index.htm	-	A	-	-	-	6	11	3	3	14:24:18.783656	14:24:18.807905
5	1	200	55266	https://policies.yahoo.com/ie/de/yahoo/privacy/topics/thirdparties/index.htm	-	A	-	-	-	6	11	3	3	14:24:18.842770	14:24:18.865621
5	1	200	72976	https://policies.yahoo.com/ie/de/yahoo/terms/utos/index.htm	-	A	-	-	-	6	11	3	3	14:24:18.908479	14:24:18.933900
5	1	200	414056	https://in.yahoo.com	-	A	src.yahoo.com.;src.g03.yahoodns.net.	188.125.73.108;77.238.184.150	42173;34010	6	95	4	5	14:24:19.379630	14:24:19.760940
5	1	200	228059	https://gr.yahoo.com	-	A	src.yahoo.com.;src.g03.yahoodns.net.	77.238.184.150;188.125.73.108	34010;42173	6	45	4	5	14:24:19.960307	14:24:20.270588
5	1	200	254655	https://de.sports.yahoo.com/news/esp-dfb-supercup-90-minuten-f%C3%BCr-alonso-lange-noch-071313853--sow.html	-	A	-	-	-	6	54	6	5	14:24:20.438620	14:24:20.440761
5	1	200	235733	https://de.sports.yahoo.com/news/esp-leichtathletik-sturz-drama-stabhochspringerin-querschnittsgel%C3%A4hmt-074750989--spt.html	-	A	-	-	-	6	44	6	5	14:24:20.563150	14:24:20.565218
5	1	200	376511	https://es.yahoo.com	-	A	src.yahoo.com.;src.g03.yahoodns.net.	188.125.73.108;77.238.184.150	42173;34010	6	83	4	5	14:24:21.142173	14:24:21.259866
5	1	200	210643	https://se.yahoo.com	-	A	src.yahoo.com.;src.g03.yahoodns.net.	188.125.73.108;77.238.184.150	42173;34010	6	44	4	5	14:24:22.081228	14:24:22.459270
5	1	200	373723	https://it.yahoo.com	-	A	src.yahoo.com.;src.g03.yahoodns.net.	77.238.184.150;188.125.73.108	34010;42173	6	93	4	5	14:24:22.617623	14:24:22.742565
5	1	200	359855	https://en-maktoob.yahoo.com	-	A	-	-	-	6	91	4	6	14:24:22.961368	14:24:23.205441
5	1	200	130403	https://www.flickr.com/photos/kyphorrhinos/20025449459/in/explore-2015-08-02/lightbox?ytcheck=1	xb=363615;BX=8p44kltarunbm&b=3&s=n3	A	flickr-panda-police.a00.yahoodns.net.	188.125.93.39;188.125.93.38	15896	6	11	20	3	14:24:24.042055	14:24:24.192661
5	1	200	335879	https://nz.yahoo.com	-	A	-	-	-	6	72	6	6	14:24:24.226617	14:24:24.283240
5	1	200	359817	https://en-maktoob.yahoo.com/?p=xa	-	A	-	-	-	6	91	4	6	14:24:24.443753	14:24:24.445918
5	1	200	367452	https://fr.yahoo.com	-	A	src.yahoo.com.;src.g03.yahoodns.net.	188.125.73.108;77.238.184.150	42173;34010	6	93	4	5	14:24:25.355317	14:24:25.477704
5	1	200	127912	https://www.flickr.com/photos/mark7image/20225734621/in/explore-2015-08-02/lightbox?ytcheck=1	xb=594816;BX=duco8fharunbm&b=3&s=sr	A	flickr-panda-police.a00.yahoodns.net.	188.125.93.38;188.125.93.39	15896	6	11	20	3	14:24:25.673781	14:24:25.743209
5	1	200	127190	https://www.flickr.com/photos/dutchnature/20229870625/in/explore-2015-08-02/lightbox?ytcheck=1	xb=193533;BX=9096m69arunbm&b=3&s=38	A	flickr-panda-police.a00.yahoodns.net.	188.125.93.39;188.125.93.38	15896	6	11	20	3	14:24:25.775560	14:24:25.843401
5	1	200	126135	https://www.flickr.com/photos/tuanland/20228396145/in/explore-2015-08-02/lightbox?ytcheck=1	xb=349791;BX=5s2i009arunbm&b=3&s=js	A	flickr-panda-police.a00.yahoodns.net.	188.125.93.39;188.125.93.38	15896	6	11	20	3	14:24:25.914863	14:24:25.984812
5	1	200	248359	https://de.stars.yahoo.com/post/125583437041/sasha-heimliche-hochzeit-mit-seiner-julia	-	A	-	-	-	6	17	1	6	14:24:26.091515	14:24:26.094193
5	1	200	488562	https://au.yahoo.com	-	A	au.rc.yahoo.com.;rd.au.g1.b.yahoo.com.	203.84.217.229	17457	6	117	6	5	14:24:26.138036	14:24:26.520620
5	1	200	386902	https://tw.yahoo.com	-	A	rc.yahoo.com.;src.g03.yahoodns.net.	77.238.184.150;188.125.73.108	34010;42173	6	63	4	5	14:24:26.769503	14:24:27.082799
5	1	400	3324	https://login.yahoo.com?.src=ym&.intl=de&.lang=de-DE&.done=https%3a//mail.yahoo.com	-	A	-	-	-	6	1	0	1	14:24:27.284438	14:24:27.286841
5	1	200	247738	https://de.stars.yahoo.com/post/125605768701/bastian-schweinsteiger-trauert-um-ex-trainer	-	A	-	-	-	6	16	1	6	14:24:27.417845	14:24:27.420009
5	1	200	257074	https://de.stars.yahoo.com/post/125426659986/nach-justin-bieber-beichte-auch-diese-stars	-	A	-	-	-	6	17	1	6	14:24:28.218240	14:24:28.220327
5	1	200	307526	https://www.flickr.com/?ytcheck=1	xb=129361;BX=1mq18ddarunbr&b=3&s=13	A	flickr-panda-police.a00.yahoodns.net.	188.125.93.39;188.125.93.38	15896	6	9	17	3	14:24:28.268363	14:24:28.576816
5	1	200	250282	https://de.stars.yahoo.com/post/125661238721/bobbi-kristina-brown-so-katastrophal-war-die	-	A	-	-	-	6	17	1	6	14:24:28.610242	14:24:28.612483
5	1	200	128639	https://www.flickr.com/photos/chema_alonso/20033182640/in/explore-2015-08-02/lightbox?ytcheck=1	xb=985213;BX=38balf1arunbr&b=3&s=um	A	flickr-panda-police.a00.yahoodns.net.	188.125.93.39;188.125.93.38	15896	6	11	20	3	14:24:28.658590	14:24:28.801049
5	1	200	126872	https://www.flickr.com/photos/96960858@N02/19616456584/in/explore-2015-08-02/lightbox?ytcheck=1	xb=195414;BX=077eqntarunbr&b=3&s=dp	A	flickr-panda-police.a00.yahoodns.net.	188.125.93.39;188.125.93.38	15896	6	11	20	3	14:24:28.830655	14:24:28.899846
5	1	200	126875	https://www.flickr.com/photos/cobby31/20220337565/in/explore-2015-08-02/lightbox?ytcheck=1	xb=998011;BX=bje87s9arunbr&b=3&s=fh	A	flickr-panda-police.a00.yahoodns.net.	188.125.93.39;188.125.93.38	15896	6	11	20	3	14:24:28.934839	14:24:29.004110
5	1	200	253835	https://de.stars.yahoo.com/post/125663259341/til-schweiger-baut-ein-vorzeigeheim-f%C3%BCr	-	A	-	-	-	6	17	1	6	14:24:29.983799	14:24:29.986025
5	1	200	126838	https://www.flickr.com/photos/wackelaugen/20229976025/in/explore-2015-08-02/lightbox?ytcheck=1	xb=968653;BX=2tvvc31arunbs&b=3&s=d3	A	flickr-panda-police.a00.yahoodns.net.	188.125.93.39;188.125.93.38	15896	6	11	20	3	14:24:30.036728	14:24:30.105112
5	1	200	295142	https://www.flickr.com/explore/?ytcheck=1	xb=024515;BX=41s5jpdarunbr&b=3&s=f2	A	flickr-panda-police.a00.yahoodns.net.	188.125.93.38;188.125.93.39	15896	6	7	17	2	14:24:30.268300	14:24:30.335157
5	1	200	131354	https://www.flickr.com/photos/maja-antonia/20236783681/in/explore-2015-08-02/lightbox?ytcheck=1	xb=025209;BX=61qvvr1arunbr&b=3&s=74	A	flickr-panda-police.a00.yahoodns.net.	188.125.93.39;188.125.93.38	15896	6	11	20	3	14:24:30.368570	14:24:30.439418
5	1	200	129949	https://www.flickr.com/photos/shinrya/20231181455/in/explore-2015-08-02/lightbox?ytcheck=1	xb=720201;BX=7sk01pharunbr&b=3&s=eb	A	flickr-panda-police.a00.yahoodns.net.	188.125.93.38;188.125.93.39	15896	6	11	20	3	14:24:30.467597	14:24:30.535732
5	1	200	414530	https://sg.yahoo.com/	-	A	src.yahoo.com.;src.g03.yahoodns.net.	188.125.73.108;77.238.184.150	42173;34010	6	93	4	10	14:24:30.636661	14:24:30.750101
4	0	200	95834	http://www.baidu.com/	BAIDUID=5F53C87EB945A8989F047F2AF19770E5:FG=1;BIDUPSID=5F53C87EB945A8989F047F2AF19770E5;PSTM=1438604601;BDSVRTM=0;BD_HOME=0;H_PS_PSSID=16415_1468_12657_10812_14431_12868_14667_16521_163	1	13	1
