298974	0	301	319	http://infantchart.com	-	A	-	-	-	21:08:03.650852	21:08:03.711480
196111	0	301	243	http://learn-english-online.org	-	A	www.learn-english-online.org.cdn.cloudflare.net.	104.28.1.6;104.28.0.6	13335	21:08:03.721999	21:08:03.868021
816421	0	200	61949	http://accounts-store.com	-	A	-	-	-	21:08:03.958214	21:08:04.028485
593403	0	301	308	http://clubest.com	-	A	lb1.izicontact.com.	91.121.251.99	16276	21:08:04.131535	21:08:04.340430
91045	0	301	162	http://gardenbuildingsdirect.co.uk	-	A	-	-	-	21:08:04.342752	21:08:04.461474
710455	0	200	36580	http://artallday.ru	PHPSESSID=86b863f4vu7rgk5ehacmq2ble3;dle_user_id=deleted;dle_password=deleted;dle_hash=deleted	A	artallday.ru.	178.208.83.18	35415	21:08:04.464378	21:08:04.589411
574643	0	200	508	http://backupbeast.com	-	A	backupbeast.com.	174.136.14.153	36024	21:08:04.624284	21:08:05.008459
494043	0	200	30355	http://meseekarticles.com	PHPSESSID=162e597549b89e0c27452ac09043c228	A	meseekarticles.com.	208.81.246.35	35970	21:08:05.052271	21:08:05.284676
288344	0	200	274124	http://parkchudes.com	PHPSESSID=76fhr6j730fjpv5kmfvr7d1cs7;BITRIX_SM_GUEST_ID=341365;BITRIX_SM_LAST_VISIT=21.08.2015+22%3A08%3A03;BITRIX_SM_SALE_UID=5564974	A	-	-	-	21:08:05.331523	21:08:05.370679
610237	0	301	0	http://cyberbloc.de	PHPSESSID=rgqhdksuajdeco176va770emk7	A	-	-	-	21:08:05.409273	21:08:05.434514
795417	0	200	29670	http://anvelopejantepromotii.ro	PHPSESSID=3ea60d61f0fcf4c93bcfee1d652427ee	A	-	-	-	21:08:05.435873	21:08:05.579010
469550	0	200	64817	http://yo-china.com	PHPSESSID=pvfuedk174geek1qui8stfmfa4;SERVERIDN=	A	-	-	-	21:08:05.603933	21:08:05.795675
651587	0	301	0	http://thegooglecache.com	__cfduid=dec2d413bfb83f92e27fb7f00afef98de1440184084	A	-	-	-	21:08:05.863490	21:08:05.899998
10614	0	301	178	http://idealistrevolution.org	-	A	-	-	-	21:08:05.962246	21:08:06.055599
193456	0	200	84835	http://opoccuu.com	-	A	-	-	-	21:08:06.060200	21:08:06.129948
857302	0	301	0	http://filmweb.pl/user/wielkablaga	-	A	-	-	-	21:08:06.252591	21:08:06.292084
494739	0	200	59470	http://pluginsworld.com	PHPSESSID=uhle35fv4ha9lijfi7of4otth3;cookieTest=cookieTest	A	pluginsworld.com.	213.246.53.80	21409	21:08:06.293201	21:08:06.429766
530400	0	301	178	http://studwork.org	-	A	studwork.org.	178.248.235.13	197068	21:08:06.720371	21:08:06.820319
525132	0	301	184	http://elegran.com	-	A	elegran.com.	69.164.223.131	8001	21:08:06.824708	21:08:06.962246
210279	0	301	193	http://baltimorebrew.com	-	A	baltimorebrew.com.	198.199.85.59	46652	21:08:06.964755	21:08:07.066364
529937	0	302	0	http://picklemashtimails.com	-	A	-	-	-	21:08:07.070559	21:08:07.126127
443985	0	301	0	http://etoncorp.com	-	A	-	-	-	21:08:07.130326	21:08:07.345589
689099	0	301	0	http://visithollywoodfl.org	-	A	-	-	-	21:08:07.349805	21:08:07.653252
358566	0	200	17149	http://congtacvien.info	PHPSESSID=1m6tg4h60hgd69sqgl4if39rb0	A	congtacvien.info.	108.61.217.175;108.61.220.98	20473	21:08:07.658128	21:08:08.063541
816421	1	200	0	http://accounts-store.com/images/Usericon-1.png	-	I	-	-	-	21:08:08.120060	21:08:08.143307
472017	0	200	450	http://epayment-services.com	-	A	-	-	-	21:08:08.226291	21:08:08.295630
287120	0	200	1545	http://dulutnewstribune.com	-	A	-	-	-	21:08:08.301396	21:08:08.344780
165942	0	200	49347	http://teleaire.com.ar	-	A	-	-	-	21:08:08.351798	21:08:08.627404
310197	0	302	140	http://careerboard.com	CBFX=99E51E5E-224B-41E7-B76B-540D689AF205	A	-	-	-	21:08:08.780843	21:08:08.835202
200671	0	301	236	http://hdhentaitube.com	-	A	-	-	-	21:08:08.838027	21:08:08.876060
679385	0	302	0	http://cocomedia.nl	-	A	-	-	-	21:08:08.881161	21:08:08.931199
569150	0	200	34951	http://imaginepittsburgh.com	ci_session=a%3A5%3A%7Bs%3A10%3A%22session_id%22%3Bs%3A32%3A%223b9f844f31c19491b6706c9ff11a3608%22%3Bs%3A10%3A%22ip_address%22%3Bs%3A13%3A%2277.179.169.57%22%3Bs%3A10%3A%22user_agent%22%3Bs%3A34%3A%22Scrapy%2F0.24.6+%28%2Bhttp%3A%2F%2Fscrapy.org%29%22%3Bs%3A13%3A%22last_activity%22%3Bi%3A1440184086%3Bs%3A9%3A%22user_data%22%3Bs%3A0%3A%22%22%3B%7D8e838de593a6d573515e5d3477d32f59	A	imaginepittsburgh.com.	216.92.24.47	7859	21:08:08.938278	21:08:09.254475
636935	0	200	18849	http://famous-quotes-and-quotations.com	-	A	famous-quotes-and-quotations.com.	67.43.7.195	32244	21:08:09.279630	21:08:09.403584
773634	0	200	6705	http://pandareides.com	-	A	www.pandareides.com.cdn.cloudflare.net.	104.28.7.94;104.28.6.94	13335	21:08:09.426769	21:08:09.777615
574643	1	200	0	http://backupbeast.com/thankyoufor-yourinterest_03.png	-	I	backupbeast.com.	174.136.14.153	36024	21:08:09.790923	21:08:09.863083
769961	0	200	62788	http://beyondthetodolist.com	__cfduid=dff227ab549353fa90086868b99e785ce1440184088	A	-	-	-	21:08:10.088866	21:08:10.152130
977106	0	200	2719	http://wetlookforum.com	-	A	-	-	-	21:08:10.168090	21:08:10.346348
242250	0	302	0	http://w202.pl	-	A	-	-	-	21:08:10.353757	21:08:10.395247
42929	0	301	230	http://galileo.tv	-	A	www.galileo.tv.edgesuite.net.;a693.g1.akamai.net.	104.85.166.66;104.85.166.60	20940	21:08:10.404459	21:08:10.525629
334985	0	302	0	http://bdnog.org	__cfduid=de6964f33cfcecb1983f7546def3f8c5a1440184088	A	-	-	-	21:08:10.527845	21:08:10.569961
413588	0	200	60436	http://mikrokontroler.pl	-	A	mikrokontroler.pl.	94.152.188.253	29522	21:08:10.574050	21:08:10.719240
125550	0	200	7155	http://loopj.com	__cfduid=ddd43a80f9795274ccd6653d61f17ee271440184088	A	loopj.com.	104.28.5.62;104.28.4.62	13335	21:08:10.796457	21:08:10.954237
655146	0	301	311	http://pkfinance.info	-	A	-	-	-	21:08:10.963578	21:08:11.097334
733052	0	301	343	http://begemot-mebel.ru	-	A	-	-	-	21:08:11.100132	21:08:11.199638
971764	0	302	0	http://themeslib.com	__cfduid=da8f6e264abfa952343a3637636f0d7c71440184088	A	-	-	-	21:08:11.205499	21:08:11.260827
880621	0	200	124873	http://stoatsandwich.tumblr.com	-	A	-	-	-	21:08:11.265795	21:08:11.315737
44603	0	301	149	http://rossstores.com	-	A	-	-	-	21:08:11.373580	21:08:11.517765
811555	0	301	233	http://bagzone.co.uk	-	A	bagzone.co.uk.	91.103.217.116	12703	21:08:11.519227	21:08:11.645877
487291	0	301	233	http://mototechna.cz	-	A	mototechna.cz.	93.185.102.115	43541	21:08:11.648991	21:08:11.756191
978001	0	301	233	http://kinderteam.ru	-	A	-	-	-	21:08:11.764391	21:08:11.867899
453844	0	301	235	http://andfootball.com	-	A	-	-	-	21:08:11.872661	21:08:11.940156
816421	1	200	0	http://accounts-store.com/images/slide3.png	-	I	-	-	-	21:08:11.944886	21:08:11.971190
816421	1	200	0	http://accounts-store.com/images/slide2.png	-	I	-	-	-	21:08:11.973216	21:08:11.996383
816421	1	200	0	http://accounts-store.com/images/slide1.png	-	I	-	-	-	21:08:12.001453	21:08:12.024419
593653	0	200	7594	http://mafro.ca	-	A	mafro.ca.	168.144.187.84	14166	21:08:12.025593	21:08:12.365013
241967	0	301	235	http://valonsadero.com	-	A	-	-	-	21:08:12.418298	21:08:12.489349
887407	0	301	224	http://bylc.org	-	A	-	-	-	21:08:12.491458	21:08:12.669935
209511	0	301	0	http://dolce-gusto.fr	-	A	ksmf5.x.incapdns.net.	149.126.77.87	19551	21:08:12.673263	21:08:13.119248
496232	0	200	78083	http://dailycollegian.com	-	A	dailycollegian.com.	173.208.58.250	15003	21:08:13.121864	21:08:13.260400
322634	0	200	6538	http://iotsdk.com	-	A	iotsdk.com.	42.159.24.237	58593	21:08:13.405014	21:08:14.105003
566857	0	200	15364	http://smjsearch.com	-	A	-	-	-	21:08:14.113142	21:08:14.308789
775728	0	200	26624	http://hadoopinterviews.com	PHPSESSID=9af354d2a00ba2e7528a5aa0d584dc4b;kpg_stop_spammers_time=1440184088	A	hadoopinterviews.com.	23.229.204.192	26496	21:08:14.324422	21:08:14.456409
125822	0	302	0	http://smashsolutions.com	-	A	smashsolutions.com.	209.59.174.48	32244	21:08:14.505236	21:08:14.647864
578022	0	302	286	http://tagsoft.com.br	-	A	sitetagsoft-390766006.sa-east-1.elb.amazonaws.com.	54.207.43.125;54.207.80.145	16509	21:08:14.653450	21:08:14.922960
697462	0	301	144	http://zgqdy.com	-	A	-	-	-	21:08:14.926265	21:08:15.172239
343207	0	200	34211	http://carmakecorns.com	-	A	sv.carmakecorns.com.	210.128.35.139	2497	21:08:15.177009	21:08:16.155809
913588	0	302	0	http://codigi.jp	-	A	-	-	-	21:08:16.224111	21:08:16.563658
429078	0	301	229	http://heaye.com	-	A	ztouch12.shushang-z.cn.;ce300.xgslb.net.	58.20.132.14;163.177.169.89;163.177.135.17;123.150.54.204	4837;17816;17638	21:08:16.569818	21:08:17.793835
469550	1	200	518	http://yo-china.com/assets/user_images/favicons/original/Chinafavicon+1427182316.png	-	L	-	-	-	21:08:17.795312	21:08:17.817636
27773	0	200	100943	http://relevare.net	PHPSESSID=5l0f7d7u924hneu5vb7s7k92s5	A	relevare.net.	38.102.226.23	174	21:08:17.820299	21:08:18.317509
695952	0	200	25870	http://better2gether-shop.com	XTCsid=37ckl34su18e1h7sa5o6ileia7	A	-	-	-	21:08:18.785425	21:08:18.820467
763083	0	301	0	http://cafebilgi.com	-	A	cafebilgi.com.	178.32.60.191	16276	21:08:18.872811	21:08:18.978195
88874	0	200	13268	http://clipclip.com	__cfduid=d996aa4230dc36197d0ef32ddee6225871440184090;wp-client-view=deleted	A	clipclip.com.	104.28.12.43;104.28.13.43	13335	21:08:18.979554	21:08:19.072521
397268	0	301	298	http://cendriyon.com	-	A	cendriyon.com.	195.154.235.164	12876	21:08:19.096388	21:08:19.220853
196111	1	200	42838	http://www.learn-english-online.org/	__cfduid=d3db1715ce2e02414f48729776d774ab51440184090	A	www.learn-english-online.org.cdn.cloudflare.net.	104.28.0.6;104.28.1.6	13335	21:08:19.222367	21:08:19.290972
557500	0	200	12839	http://freeemailextractor.net	__cfduid=d5fcb0dda79a7ba4d1b3a0b323a9b05d71440184090;PHPSESSID=dc0f20c16e15cc59aa6666af674a92d2	A	freeemailextractor.net.	104.28.19.83;104.28.18.83	13335	21:08:19.336160	21:08:19.461044
298974	1	200	19398	http://www.infantchart.com/	-	A	-	-	-	21:08:19.481575	21:08:19.503756
721151	0	200	16418	http://whatiwatch.net	PHPSESSID=13edbf62d905b760cacc01b3f5a18d3a	A	-	-	-	21:08:19.522424	21:08:19.570802
700396	0	301	232	http://pornoaza.com	-	A	pornoaza.com.	174.142.214.41	32613	21:08:19.588175	21:08:19.940167
772066	0	200	55402	http://midnightprogrammer.net	-	A	midnightprogrammer.net.	103.21.58.98	19905	21:08:19.941625	21:08:20.350995
875685	0	200	34173	http://theblindblogger.net	-	A	theblindblogger.net.	198.57.151.18	46606	21:08:20.394830	21:08:20.861888
72189	0	302	154	http://fantasyfootballtricks.com	-	A	ghs.google.com.;ghs.l.google.com.	74.125.136.121	15169	21:08:20.923688	21:08:21.054505
238620	0	200	33706	http://epb.gov.bd	ci_session=a%3A5%3A%7Bs%3A10%3A%22session_id%22%3Bs%3A32%3A%22de27ba2d39cc179afdded87e2a9c5eb1%22%3Bs%3A10%3A%22ip_address%22%3Bs%3A13%3A%2277.179.169.57%22%3Bs%3A10%3A%22user_agent%22%3Bs%3A34%3A%22Scrapy%2F0.24.6+%28%2Bhttp%3A%2F%2Fscrapy.org%29%22%3Bs%3A13%3A%22last_activity%22%3Bi%3A1440184090%3Bs%3A9%3A%22user_data%22%3Bs%3A0%3A%22%22%3B%7Da9c9eb48b3e7946fec22eacbbbbf4c611d78e4eb	A	epb.gov.bd.	162.144.73.118	46606	21:08:21.058009	21:08:21.578676
574643	1	200	0	http://backupbeast.com/thankyoufor-yourinterest_02.png	-	I	backupbeast.com.	174.136.14.153	36024	21:08:21.690537	21:08:21.761970
768616	0	200	41873	http://checkthisoutgirls.com	-	A	checkthisoutgirls.com.	192.254.186.196	46606	21:08:21.764341	21:08:22.296358
574643	1	200	0	http://backupbeast.com/thankyoufor-yourinterest_01.png	-	I	backupbeast.com.	174.136.14.153	36024	21:08:22.394582	21:08:22.465160
752181	0	200	59921	http://restauranteelcardenal.com	_icl_current_language=es	A	-	-	-	21:08:22.467691	21:08:22.636836
451895	0	200	51250	http://423000.net	-	A	byu1107070001.my3w.com.	182.92.178.45	37963	21:08:22.805646	21:08:23.849235
74037	0	200	6292	http://szgs.gov.cn	-	A	-	-	-	21:08:23.915378	21:08:24.242377
195111	0	301	149	http://magicloans.in	-	A	magicloans.in.	182.50.130.37	26496	21:08:24.249788	21:08:24.385878
574714	0	200	233022	http://yedan.co.kr	PHPSESSID=c0b54dc8b0e8d8faaae9b9daa567d19b;isviewtype=pc;SESSION_CHECK=Y;CUK45=cuk45_whitedeer_c0b54dc8b0e8d8faaae9b9daa567d19b;CUK2Y=cuk45_whitedeer_c0b54dc8b0e8d8faaae9b9daa567d19b;iLastSec=10	A	yedan.co.kr.	123.214.172.48	9318	21:08:24.389522	21:08:25.163706
347280	0	302	0	http://buyitnow.co.kr	-	A	-	-	-	21:08:25.605326	21:08:26.391965
358566	1	200	17592	http://congtacvien.info/assets/css/style.css	-	L	congtacvien.info.	108.61.220.98;108.61.217.175	20473	21:08:26.396446	21:08:26.468133
598958	0	200	29058	http://negahemodern.ir	5c979c5ff22ac14023909f0bf4e3f17f=cvgi25nhvec2klr02l5kf9gp61	A	-	-	-	21:08:26.472789	21:08:26.721234
761145	0	302	137	http://gatwickaviationsociety.org.uk	ASPSESSIONIDQACBBDRD=IDCECKEDFBJMIHPOOFHOEJPB	A	-	-	-	21:08:26.739849	21:08:26.798728
927269	0	200	46493	http://oneoffice.com.vn	ASP.NET_SessionId=mtkadu4d4d3mhxajjduh30g0	A	-	-	-	21:08:26.800194	21:08:27.211297
859161	0	200	55050	http://phoenixpride.org	-	A	phoenixpride.org.	50.63.219.168	26496	21:08:27.240821	21:08:27.385844
529490	0	200	41690	http://highlandlakesnews.com	-	A	highlandlakesnews.com.	192.185.196.70	20013	21:08:27.472063	21:08:27.927793
835794	0	200	91105	http://drivinginstructorblog.com	PHPSESSID=a0bba1e1b7e107efd0f343b8fa51859f	A	drivinginstructorblog.com.	50.87.146.6	46606	21:08:28.013369	21:08:28.541921
872979	0	200	942	http://nightjar.com.au	-	A	nightjar.com.au.	69.162.115.178	46475	21:08:28.658233	21:08:29.008110
612414	0	200	159593	http://islamicwallpers.ir	PHPSESSID=dae358129a67fecc723d13fa32e5f8e1	A	islamicwallpers.ir.	216.246.16.228	23352	21:08:29.015536	21:08:30.078984
710455	1	301	235	http://www.artallday.ru/rss.xml	-	L	artallday.ru.	178.208.83.18	35415	21:08:30.602118	21:08:30.745416
710455	1	200	17458	http://vjs.zencdn.net/c/video-js.css	-	L	-	-	-	21:08:30.747036	21:08:30.823997
574643	1	200	20252	http://app.getresponse.com/view_webform.js?wid=7422204&u=B7wA	webform_opened_7422204=true	S	-	-	-	21:08:30.872295	21:08:30.897125
469550	1	200	0	http://yo-china.com/assets/user_images/tab_images/original/Icon+Location+1425041844.png	-	I	-	-	-	21:08:30.898011	21:08:30.920783
469550	1	200	3326	http://yo-china.com/assets/js/jquery.lazyload.js	-	S	-	-	-	21:08:30.921586	21:08:30.944163
469550	1	200	0	http://yo-china.com/assets/user_images/tab_images/original/Icon+Order+Online+1425041862.png	-	I	-	-	-	21:08:30.945003	21:08:30.979580
358566	1	200	22119	http://congtacvien.info/assets/css/font-awesome.min.css	-	L	congtacvien.info.	108.61.217.175;108.61.220.98	20473	21:08:31.048670	21:08:31.181423
27773	1	301	0	http://reddit.com/submit?title=Roof+Painting+with+12+Year+Guarantee+by+Easy+Flow+Gutters&url=http%3A%2F%2Fwww.easyflowgutters.co.za%2Fproducts-and-services%2Froof-painting%2F	__cfduid=d706a03b9e37b6e123d75dd01015853341440184111	A	-	-	-	21:08:31.248021	21:08:31.315338
27773	1	301	0	http://reddit.com/submit?title=Award+Winning+Digital+Agencies+In+UK+&url=https%3A%2F%2Fdigitalondon.wordpress.com%2F2015%2F08%2F20%2Faward-winning-digital-agencies-in-uk%2F	__cfduid=d149e212ccd030241884bd96dcc24f37c1440184111	A	-	-	-	21:08:31.341987	21:08:31.377878
27773	1	301	0	http://reddit.com/submit?title=Burn+Video+%7C+Burn+Video+To+Dvd&url=http%3A%2F%2Fwww.burnvideo.net	__cfduid=d0d1ba1a09c48f2c7c3f09d9aee6beb381440184111	A	-	-	-	21:08:31.379605	21:08:31.401649
27773	1	302	0	http://www.facebook.com/sharer.php?t=Award+Winning+Digital+Agencies+In+UK+&u=https%3A%2F%2Fdigitalondon.wordpress.com%2F2015%2F08%2F20%2Faward-winning-digital-agencies-in-uk%2F	-	A	star.c10r.facebook.com.	31.13.93.3	32934	21:08:31.403504	21:08:31.586615
27773	1	302	0	http://www.facebook.com/sharer.php?t=Burn+Video+%7C+Burn+Video+To+Dvd&u=http%3A%2F%2Fwww.burnvideo.net	-	A	star.c10r.facebook.com.	31.13.93.3	32934	21:08:31.588327	21:08:31.663058
27773	1	302	399	http://www.google.com/bookmarks/mark?bkmk=https%3A%2F%2Fdigitalondon.wordpress.com%2F2015%2F08%2F20%2Faward-winning-digital-agencies-in-uk%2F&op=edit&title=Award+Winning+Digital+Agencies+In+UK+	-	A	-	-	-	21:08:31.669114	21:08:31.714340
27773	1	302	325	http://www.google.com/bookmarks/mark?bkmk=http%3A%2F%2Fwww.burnvideo.net&op=edit&title=Burn+Video+%7C+Burn+Video+To+Dvd	-	A	-	-	-	21:08:31.716176	21:08:31.738794
27773	1	404	2597	http://www.squidoo.com/lensmaster/bookmark?https%3A%2F%2Fdigitalondon.wordpress.com%2F2015%2F08%2F20%2Faward-winning-digital-agencies-in-uk%2F=	-	A	production-573980042.us-east-1.elb.amazonaws.com.	52.20.34.136;52.2.22.169;54.84.199.185	-;-;14618	21:08:31.790137	21:08:31.904513
27773	1	404	2597	http://www.squidoo.com/lensmaster/bookmark?http%3A%2F%2Fwww.burnvideo.net=	-	A	production-573980042.us-east-1.elb.amazonaws.com.	52.20.34.136;52.2.22.169;54.84.199.185	-;-;14618	21:08:31.922055	21:08:31.995557
27773	1	301	1147	http://relevare.net/%20http://myjeeves.ask.com/mysearch/BookmarkIt?t=webpages&title=Award+Winning+Digital+Agencies+In+UK+&url=https%3A%2F%2Fdigitalondon.wordpress.com%2F2015%2F08%2F20%2Faward-winning-digital-agencies-in-uk%2F&v=1.2	-	A	relevare.net.	38.102.226.23	174	21:08:32.008856	21:08:32.084630
27773	1	301	1147	http://relevare.net/tag/award+winning+digital+agencies+uk	-	A	relevare.net.	38.102.226.23	174	21:08:32.090122	21:08:32.164055
27773	1	200	11963	http://digg.com/submit?bodytext=The+first+coat+of+paint+that+your+roof+gets+should+certainly+not+be+its+last.+Continued+roof+painting+over+the+years+will+ensure+your+roof+doesn%E2%80%99t+experience+unexpected+leaks%2C+weakness+in+certain+areas+and+blocked+valleys+%28on+tiled+roofs%29%2C+which+can+cause+serious+concerns.+%0D%3Cbr+%2F%3E%0D%3Cbr+%2F%3EIndustrial+and+household+roof+painting+is+a+task+best+left+to+the+professionals+for+two+reasons%3A%0D%3Cbr+%2F%3E1.+The+correct+sealers+&phase=2&title=Roof+Painting+with+12+Year+Guarantee+by+Easy+Flow+Gutters&url=http%3A%2F%2Fwww.easyflowgutters.co.za%2Fproducts-and-services%2Froof-painting%2F	frontend.auid=AEcSW_EHSDGiN6jaXIaDbA;preferred_view=desktop	A	-	-	-	21:08:32.169730	21:08:32.232624
27773	1	200	11977	http://digg.com/submit?bodytext=Award+winning+mobile+app+development+in+London+characterize+the+expression+computerized+agency+similar+to+an+organization+that+gives+innovative+key+and+specialized+advancement+of+screen+based+items+and+administrations.&phase=2&title=Award+Winning+Digital+Agencies+In+UK+&url=https%3A%2F%2Fdigitalondon.wordpress.com%2F2015%2F08%2F20%2Faward-winning-digital-agencies-in-uk%2F	frontend.auid=Ktdk7PshRXSRhyQ3FRzGBg	A	-	-	-	21:08:32.266467	21:08:32.294057
636935	1	200	14622	http://www.famous-quotes-and-quotations.com/patriotic-quotes.html	-	A	famous-quotes-and-quotations.com.	67.43.7.195	32244	21:08:32.328549	21:08:32.401656
636935	1	200	15238	http://www.famous-quotes-and-quotations.com/movie-quote.html	-	A	famous-quotes-and-quotations.com.	67.43.7.195	32244	21:08:32.431699	21:08:32.505382
636935	1	200	14581	http://www.famous-quotes-and-quotations.com/funny-quote.html	-	A	famous-quotes-and-quotations.com.	67.43.7.195	32244	21:08:32.544150	21:08:32.616420
636935	1	200	14339	http://www.famous-quotes-and-quotations.com/friendship-quotes.html	-	A	famous-quotes-and-quotations.com.	67.43.7.195	32244	21:08:32.638711	21:08:32.712609
27773	1	200	11918	http://digg.com/submit?bodytext=+Memories+don%E2%80%99t+belong+in+a+cloud+or+lost+on+an+old+phone.+Enjoy+your+Burn+Video+at+home+or+with+family+and+friends%0D%3Cbr+%2F%3E&phase=2&title=Burn+Video+%7C+Burn+Video+To+Dvd&url=http%3A%2F%2Fwww.burnvideo.net	frontend.auid=0MOwy8utSFiA2CKO6wR+ZQ	A	-	-	-	21:08:32.735936	21:08:32.758668
636935	1	200	14558	http://www.famous-quotes-and-quotations.com/birthday-quotes.html	-	A	famous-quotes-and-quotations.com.	67.43.7.195	32244	21:08:32.792484	21:08:32.865360
636935	1	200	14348	http://www.famous-quotes-and-quotations.com/leadership-quotes.html	-	A	famous-quotes-and-quotations.com.	67.43.7.195	32244	21:08:32.895587	21:08:32.969983
612414	1	301	0	http://www.pinterest.com/mosaferkarbala/	-	A	www.pinterest.com.edgekey.net.;e9343.a.akamaiedge.net.	104.86.42.93	35994	21:08:32.994916	21:08:33.089334
27773	1	404	389	http://www.technorati.com/faves?add=https%3A%2F%2Fdigitalondon.wordpress.com%2F2015%2F08%2F20%2Faward-winning-digital-agencies-in-uk%2F	-	A	-	-	-	21:08:33.093566	21:08:33.136478
636935	1	200	14229	http://www.famous-quotes-and-quotations.com/success-quotes.html	-	A	famous-quotes-and-quotations.com.	67.43.7.195	32244	21:08:33.138380	21:08:33.210640
27773	1	302	0	http://www.stumbleupon.com/submit?title=Award+Winning+Digital+Agencies+In+UK+&url=https%3A%2F%2Fdigitalondon.wordpress.com%2F2015%2F08%2F20%2Faward-winning-digital-agencies-in-uk%2F	cmf_i=159831667355d7772f97a627.40025635;cmf_spr=uggc%3A%2F%2Feryriner.arg;cmf_sp=%2Fsubmit;su_c=912834a3e72a367a46fc090987ab3f01%7Cuggc%3A%2F%2Feryriner.arg%7C10%7C%7C1440184111%7C158d36224ae63bfc2b3030677e09e7b1	A	-	-	-	21:08:33.236772	21:08:33.289556
612414	1	301	226	http://eydad.com/en/	-	A	eydad.com.	144.76.155.24	24940	21:08:33.296444	21:08:33.412343
27773	1	302	0	http://www.stumbleupon.com/submit?title=Burn+Video+%7C+Burn+Video+To+Dvd&url=http%3A%2F%2Fwww.burnvideo.net	cmf_i=169968419955d7772f9bb799.34151057;su_c=3983f8fa3d732d54852c5f4f5575981b%7Cuggc%3A%2F%2Feryriner.arg%7C10%7C%7C1440184111%7Cb1b6f02275b5743bfd72e6f2f0d52ce3	A	-	-	-	21:08:33.417073	21:08:33.441221
612414	1	999	956	http://www.linkedin.com/in/mosaferkarbala/	-	A	any-eu.www.linkedin.com.	185.63.147.10	-	21:08:33.530637	21:08:33.632823
612414	1	301	0	http://twitter.com/mosaferkarbala	guest_id=v1%3A144018411207345730	A	twitter.com.	185.45.5.43;185.45.5.32	13414	21:08:33.635292	21:08:33.717864
612414	1	200	62942	http://bi-neshan.ir/	-	A	-	-	-	21:08:33.719890	21:08:33.757060
612414	1	200	49888	http://tdel.ir/	_wp_session=bbeab4306a1c7bb392d53057b7c44524%7C%7C1440185912%7C%7C1440185552;PHPSESSID=edd2ba4bd6e460eeec4633cb915f9c07	A	tdel.ir.	149.202.138.91	16276	21:08:33.884900	21:08:33.991127
612414	1	200	108983	http://www.yasinmedia.com/	1810129d22ab3040d916ea5e26054a21=386e0815ef1af42e7db759f5f0b0f510	A	-	-	-	21:08:34.170684	21:08:34.213031
358566	1	200	96273	http://congtacvien.info/assets/css/bootstrap.min.css	-	L	congtacvien.info.	108.61.220.98;108.61.217.175	20473	21:08:34.308592	21:08:34.383599
358566	1	200	19503	http://congtacvien.info/assets/js/date-time/bootstrap-datepicker.min.js	-	S	congtacvien.info.	108.61.217.175;108.61.220.98	20473	21:08:34.386390	21:08:34.465874
27773	1	301	0	http://relevare.net/out/70107/	PHPSESSID=3era6smf3la3iioc4p12fg86c3	A	relevare.net.	38.102.226.23	174	21:08:34.473551	21:08:34.552341
27773	1	404	389	http://www.technorati.com/faves?add=http%3A%2F%2Fwww.burnvideo.net	-	A	-	-	-	21:08:34.556854	21:08:34.580106
27773	1	301	0	http://relevare.net/out/70108/	PHPSESSID=vf28nc4brv622k3qch70op7sm5	A	relevare.net.	38.102.226.23	174	21:08:34.583304	21:08:34.650570
636935	1	200	14064	http://www.famous-quotes-and-quotations.com/chocolate-quotes.html	-	A	famous-quotes-and-quotations.com.	67.43.7.195	32244	21:08:34.654475	21:08:34.724376
612414	1	301	192	http://feedburner.google.com/	-	A	-	-	-	21:08:34.805396	21:08:34.852918
27773	1	301	1147	http://relevare.net/tag/burn+video+to+dvd	-	A	relevare.net.	38.102.226.23	174	21:08:34.856805	21:08:34.947376
27773	1	301	1147	http://relevare.net/News	-	A	relevare.net.	38.102.226.23	174	21:08:34.949900	21:08:35.045992
612414	1	200	12100	http://www.sistani.org/persian/	-	A	sistani.org.	174.36.234.52	36351	21:08:35.050058	21:08:35.223298
574714	1	200	1124	http://yedan.co.kr/images/main_slider/css/global.css	-	L	yedan.co.kr.	123.214.172.48	9318	21:08:35.235551	21:08:35.312995
27773	1	200	24479	http://relevare.net/story/70107/	PHPSESSID=n9k1d4k2s4ba9ph14o76jbpqe0	A	relevare.net.	38.102.226.23	174	21:08:35.366865	21:08:35.435127
27773	1	200	10585	http://relevare.net/user/profile/digitalondon/	PHPSESSID=bdjrbhjt2cstncqjg0rpqtumh0	A	relevare.net.	38.102.226.23	174	21:08:35.481565	21:08:35.557927
27773	1	200	23187	http://relevare.net/story/70108/	PHPSESSID=mbripp36ccv3o3n9pralv9mpv6	A	relevare.net.	38.102.226.23	174	21:08:35.569728	21:08:35.650336
612414	1	200	57858	https://www.facebook.com/mosaferkarbala1	-	A	star.c10r.facebook.com.	31.13.93.3	32934	21:08:35.755822	21:08:35.831286
612414	1	302	233	https://plus.google.com/u/0/+SeyyedHassanNasrolla/posts	NID=70=NiOPg-xpMTDBPccoG-ryJlROOMQDY55pWGwCy9xEmFui8WRniv8bVPXjk-SE_S3H_KB-lY-ehgFGZ-yLcTHdN1L2eR6IdoeCOXMCzi0cY8f-hd5rrlqvB8Rt7tPZStVb	L	plus.l.google.com.	173.194.113.131;173.194.113.136;173.194.113.137;173.194.113.130;173.194.113.135;173.194.113.134;173.194.113.128;173.194.113.142;173.194.113.132;173.194.113.129;173.194.113.133	15169	21:08:35.857917	21:08:35.954527
612414	1	200	12273	http://khamenei.ir/	-	A	khamenei.ir.	79.127.127.227	43754	21:08:35.959622	21:08:36.273954
574714	1	200	5298	http://yedan.co.kr/common/js/AuthSSLManager.plugin.js	-	S	yedan.co.kr.	123.214.172.48	9318	21:08:36.283992	21:08:36.363504
574714	1	200	14347	http://yedan.co.kr/images/main_slider/js/slides.jquery.js	-	S	yedan.co.kr.	123.214.172.48	9318	21:08:36.366369	21:08:36.436823
636935	1	200	14977	http://www.famous-quotes-and-quotations.com/love-quotes.html	-	A	famous-quotes-and-quotations.com.	67.43.7.195	32244	21:08:36.444313	21:08:36.515680
636935	1	200	15351	http://www.famous-quotes-and-quotations.com/famous-quotations.html	-	A	famous-quotes-and-quotations.com.	67.43.7.195	32244	21:08:36.546858	21:08:36.616669
636935	1	200	15304	http://www.famous-quotes-and-quotations.com/inspirational-quote.html	-	A	famous-quotes-and-quotations.com.	67.43.7.195	32244	21:08:36.643233	21:08:36.713138
636935	1	200	9534	http://www.famous-quotes-and-quotations.com/search-famous-quotations.html	-	A	famous-quotes-and-quotations.com.	67.43.7.195	32244	21:08:36.738214	21:08:36.814151
612414	1	200	68608	http://shiagraphics.ir/fa/	-	A	shiagraphics.ir.	199.26.84.128	30496	21:08:36.835520	21:08:37.217883
612414	1	302	239	https://plus.google.com/u/0/+SeyyedHassanNasrolla/?rel=author	NID=70=jbTaYmXOLtsOpmh7j5dTHZmCSS_26QBaCzpI3lUBt4UJP0rveYFdEP_6gb8Uy-nGkDklFtll0GDjjUvVRDmjSjG9Sn3T7vquyAk-XqUl0mxdpj7E1J4B_2_77TucWVoh	A	plus.l.google.com.	173.194.113.129;173.194.113.133;173.194.113.131;173.194.113.136;173.194.113.137;173.194.113.130;173.194.113.135;173.194.113.134;173.194.113.128;173.194.113.142;173.194.113.132	15169	21:08:37.422602	21:08:37.512229
574714	1	200	0	http://yedan.co.kr/web/product/tiny/whitedeer_3295.jpg	-	I	yedan.co.kr.	123.214.172.48	9318	21:08:37.516393	21:08:37.588659
612414	1	200	859	http://noorihamedani.com/	PHPSESSID=9601aa7583989125076f39b6bd2de786	A	-	-	-	21:08:37.593255	21:08:41.854473
574714	1	200	16780	http://wcs.naver.net/wcslog.js	-	S	-	-	-	21:08:41.860062	21:08:41.897958
574714	1	200	9010	http://sc1.cpcguard.com/new/cpc_script.js	-	S	-	-	-	21:08:41.900522	21:08:42.264684
574714	1	200	0	http://yedan.co.kr/web/product/tiny/whitedeer_3300.jpg	-	I	yedan.co.kr.	123.214.172.48	9318	21:08:42.266027	21:08:42.338067
574714	1	200	0	http://yedan.co.kr/images/bottom1.jpg	-	I	yedan.co.kr.	123.214.172.48	9318	21:08:42.340633	21:08:42.412450
574714	1	200	0	http://yedan.co.kr/web/product/tiny/whitedeer_3296.jpg	-	I	yedan.co.kr.	123.214.172.48	9318	21:08:42.418468	21:08:42.489129
27773	1	301	1147	http://relevare.net/%20http://myjeeves.ask.com/mysearch/BookmarkIt?t=webpages&title=Burn+Video+%7C+Burn+Video+To+Dvd&url=http%3A%2F%2Fwww.burnvideo.net&v=1.2	-	A	relevare.net.	38.102.226.23	174	21:08:42.490619	21:08:42.560845
612414	1	200	385028	https://plus.google.com/+SeyyedHassanNasrolla/posts	NID=70=E_WJkwV4s5NfBFVpDqsAca_I7Zchxy1QIpLUktg8y3N1NHbWf9Kh9fm1sEnmavNl-xkqi9xp3_87UbhFlh6cnvAeE3EUeU3o309yjk2jT5sYQ_1e4PdCcjg93ZTLBnve	L	plus.l.google.com.	173.194.113.136;173.194.113.137;173.194.113.130;173.194.113.135;173.194.113.134;173.194.113.128;173.194.113.142;173.194.113.132;173.194.113.129;173.194.113.133;173.194.113.131	15169	21:08:42.566008	21:08:42.645086
612414	1	200	70986	http://www.kabeyeeshgh.ir/	PHPSESSID=cc062b2485335be33e47fa059e80743d	A	kabeyeeshgh.ir.	216.246.16.228	23352	21:08:42.748455	21:08:42.981878
574714	1	200	78601	http://yedan.co.kr/images/main_slider/js/jquery-1.4.4.min.js	-	S	yedan.co.kr.	123.214.172.48	9318	21:08:43.128974	21:08:43.195058
574714	1	200	9309	http://yedan.co.kr/common/js/AuthSSLManager.js	-	S	yedan.co.kr.	123.214.172.48	9318	21:08:43.195867	21:08:43.262533
612414	1	301	0	http://islamicwallpers.ir/?p=281	PHPSESSID=3385c96a3dbe8eb7f696217247bc1c2e	A	islamicwallpers.ir.	216.246.16.228	23352	21:08:43.263509	21:08:43.341888
612414	1	200	54766	http://islamicwallpers.ir/portfolio-item/%D8%B4%D9%87%DB%8C%D8%AF-%D9%85%D8%AD%D9%85%D8%AF-%D8%B1%D8%B6%D8%A7-%DA%A9%D8%A7%D8%B1%D9%88%D8%B1/	PHPSESSID=c025b77470ac891cf17992c7d4883944	A	islamicwallpers.ir.	216.246.16.228	23352	21:08:43.344571	21:08:43.417610
574714	1	200	0	http://yedan.co.kr/web/product/tiny/whitedeer_3290.jpg	-	I	yedan.co.kr.	123.214.172.48	9318	21:08:43.585843	21:08:43.660637
574714	1	200	0	http://yedan.co.kr/web/product/tiny/whitedeer_3317.jpg	-	I	yedan.co.kr.	123.214.172.48	9318	21:08:43.663386	21:08:43.742427
27773	1	301	0	http://relevare.net/out/70110/	PHPSESSID=qfn89dp34p8gu8cq9v772isbs2	A	relevare.net.	38.102.226.23	174	21:08:43.745084	21:08:43.822368
612414	1	200	53042	http://mesbahyazdi.ir/	SESS0debb6f29c0eb040d7f88d242e44525c=dra4mluhrr9pt9ctq4mil0v901	A	-	-	-	21:08:43.827856	21:08:44.209473
612414	1	301	290	http://bahjat.ir/	-	A	-	-	-	21:08:44.246595	21:08:46.052151
574714	1	200	0	http://whitedeer.cafe24.com/images/banner_r/r_bn_blog.jpg	-	I	whitedeer.cafe24.com.	123.214.172.48	9318	21:08:46.054820	21:08:46.975134
574714	1	200	0	http://whitedeer.cafe24.com/images/banner_r/r_bn_m_shop.jpg	-	I	whitedeer.cafe24.com.	123.214.172.48	9318	21:08:46.977837	21:08:47.047918
574714	1	200	0	http://whitedeer.cafe24.com/images/banner_r/r_bn_packing_gallery.jpg	-	I	whitedeer.cafe24.com.	123.214.172.48	9318	21:08:47.054771	21:08:47.127239
574714	1	200	0	http://whitedeer.cafe24.com/images/banner_r/bookmark_04.jpg	-	I	whitedeer.cafe24.com.	123.214.172.48	9318	21:08:47.130004	21:08:47.200645
574714	1	200	0	http://whitedeer.cafe24.com/images/banner_r/bookmark_03.jpg	-	I	whitedeer.cafe24.com.	123.214.172.48	9318	21:08:47.203347	21:08:47.274755
574714	1	200	0	http://whitedeer.cafe24.com/web/upload/bottom2.jpg	-	I	whitedeer.cafe24.com.	123.214.172.48	9318	21:08:47.276770	21:08:47.347297
574714	1	200	0	http://whitedeer.cafe24.com/images/icon/btn_top.gif	-	I	whitedeer.cafe24.com.	123.214.172.48	9318	21:08:47.351686	21:08:47.443406
27773	1	200	10465	http://relevare.net/user/profile/Raju/	PHPSESSID=uq4u3cr6nf5bktbma0t2vncbg0	A	relevare.net.	38.102.226.23	174	21:08:47.445962	21:08:47.517532
612414	1	200	79897	http://islamicwallpers.ir/portfolio-item/%D9%88%DA%A9%D8%AA%D9%88%D8%B1-%D8%A8%D8%AE%D8%B4%DB%8C-%D8%A7%D8%B2-%DA%A9%D8%A7%D8%B4%DB%8C-%DA%A9%D8%A7%D8%B1%DB%8C-%D8%AD%D8%B1%D9%85-%D8%AD%D8%B6%D8%B1%D8%AA-%D8%B9%D8%A8%D8%AF-%D8%A7%D9%84%D8%B9/	PHPSESSID=3cc93d60cfd464198b486c58a3d8f1c8	A	islamicwallpers.ir.	216.246.16.228	23352	21:08:47.536802	21:08:47.608823
612414	1	200	95547	http://islamicwallpers.ir/portfolio-item/%D9%88%DA%A9%D8%AA%D9%88%D8%B1-%DA%A9%D8%A7%D8%B4%DB%8C-%DA%A9%D8%A7%D8%B1%DB%8C-%D8%AD%D8%B1%D9%85-%D8%AD%D8%B6%D8%B1%D8%AA-%D8%B9%D8%A8%D8%AF%D8%A7%D9%84%D8%B9%D8%B8%DB%8C%D9%85-%D8%AD%D8%B3%D9%86/	PHPSESSID=3520b0d7b2dc9b3dbd728883ac46af6f	A	islamicwallpers.ir.	216.246.16.228	23352	21:08:47.675831	21:08:47.751587
612414	1	200	83805	http://islamicwallpers.ir/portfolio-item/%D8%AE%D9%84%D8%A8%D8%A7%D9%86-%D8%B4%D9%87%DB%8C%D8%AF-%D8%B9%D8%A8%D8%A7%D8%B3-%D8%A8%D8%A7%D8%A8%D8%A7%DB%8C%DB%8C/	PHPSESSID=7e22e790cb4f52cbcbe865bdedf23b32	A	islamicwallpers.ir.	216.246.16.228	23352	21:08:47.866443	21:08:47.940359
612414	1	200	42149	http://islamicwallpers.ir/portfolio-item/%D8%B7%D8%B1%D8%A7%D8%AD%DB%8C-%D8%AC%D9%84%D8%AF-%DA%A9%D8%AA%D8%A7%D8%A8-%D9%BE%D8%B4%D8%AA-%D9%BE%D8%B1%D8%AF%D9%87-%D9%88%D9%87%D8%A7%D8%A8%DB%8C%D8%AA/	PHPSESSID=abf9a1a5583e3fb06c6378a6bb6b0288	A	islamicwallpers.ir.	216.246.16.228	23352	21:08:48.014122	21:08:48.086134
612414	1	200	63276	http://islamicwallpers.ir/portfolio-item/%D9%88%DA%A9%D8%AA%D9%88%D8%B1-%DA%A9%D8%A7%D8%B4%DB%8C-%DA%A9%D8%A7%D8%B1%DB%8C-%D8%B3%D8%B1-%D8%AF%D8%B1-%D8%AD%D8%B1%D9%85-%D8%AD%D8%B6%D8%B1%D8%AA-%D8%B2%DB%8C%D9%86%D8%A8-%DA%A9%D8%A8%D8%B1%DB%8C/	PHPSESSID=385e69b0ea266e8c38a0978f24fe2c16	A	islamicwallpers.ir.	216.246.16.228	23352	21:08:48.154484	21:08:48.223863
612414	1	200	75795	http://islamicwallpers.ir/portfolio-item/%D9%85%D8%AD%D8%A8-%D8%AD%D8%B6%D8%B1%D8%AA-%D8%AD%D8%B3%DB%8C%D9%86%D9%85/	PHPSESSID=c6151edeeed1acbe7a209f356de85647	A	islamicwallpers.ir.	216.246.16.228	23352	21:08:48.311479	21:08:48.380101
612414	1	200	22301	http://farsi.rouhollah.ir/	-	A	-	-	-	21:08:48.478797	21:08:48.817548
612414	1	200	4348	https://feedburner.google.com/fb/a/mailverify?loc=en_US&uri=mosaferkarbala	S=feedburner-control-panel=xZ7VVy7lQmkGDVFocrG9AA	A	-	-	-	21:08:49.054589	21:08:49.059011
